SITE_ID,SUB_ID,DX_GROUP,AGE_AT_SCAN,SEX,HANDEDNESS_CATEGORY,FIQ,VIQ,PIQ,CURRENT_MED_STATUS,SRS_TOTAL_RAW,ADOS_G_TOTAL,ADI_R_SOCIAL_TOTAL_A
ABIDEII-BNI_1,29006,1,48,1,1,131,,,0,122,11,
ABIDEII-BNI_1,29007,1,41,1,1,110,,,1,82,14,
ABIDEII-BNI_1,29008,1,59,1,1,117,,,0,60,7,
ABIDEII-BNI_1,29009,1,57,1,1,114,,,0,58,12,
ABIDEII-BNI_1,29010,1,45,1,1,109,,,0,146,14,
ABIDEII-BNI_1,29012,1,62,1,1,114,,,0,138,13,
ABIDEII-BNI_1,29013,1,51,1,1,93,,,0,95,19,
ABIDEII-BNI_1,29015,1,47,1,1,102,,,0,114,10,
ABIDEII-BNI_1,29017,1,55,1,1,99,,,0,152,14,
ABIDEII-BNI_1,29025,1,57,1,1,108,,,0,62,8,
ABIDEII-BNI_1,29026,1,54,1,1,112,,,0,105,12,
ABIDEII-BNI_1,29027,1,45,1,1,124,,,1,114,9,
ABIDEII-BNI_1,29028,1,21,1,1,94,,,0,112,18,
ABIDEII-BNI_1,29029,1,20,1,1,97,,,1,131,13,
ABIDEII-BNI_1,29030,1,18,1,1,111,,,0,97,,
ABIDEII-BNI_1,29031,1,21,1,1,97,,,0,110,13,
ABIDEII-BNI_1,29037,1,19,1,1,139,,,1,47,4,
ABIDEII-BNI_1,29039,1,19,1,1,127,,,0,56,13,
ABIDEII-BNI_1,29041,1,19,1,1,104,,,1,149,12,
ABIDEII-BNI_1,29042,1,25,1,1,85,,,0,82,10,
ABIDEII-BNI_1,29043,1,53,1,1,106,,,0,117,12,
ABIDEII-BNI_1,29046,1,18,1,1,87,,,1,,9,
ABIDEII-BNI_1,29052,1,40,1,1,131,,,0,138,13,
ABIDEII-BNI_1,29053,1,24,1,1,113,,,1,84,6,
ABIDEII-BNI_1,29055,1,22,1,1,107,,,1,132,16,
ABIDEII-BNI_1,30144,1,22,1,1,100,,,0,125,13,
ABIDEII-BNI_1,30148,1,55,1,1,87,,,0,128,8,
ABIDEII-BNI_1,30150,1,47,1,1,111,,,0,95,7,
ABIDEII-BNI_1,30151,1,22,1,1,96,,,0,124,9,
ABIDEII-BNI_1,29011,2,48,1,1,141,,,0,29,,
ABIDEII-BNI_1,29014,2,64,1,1,113,,,0,50,,
ABIDEII-BNI_1,29016,2,41,1,1,106,,,0,39,,
ABIDEII-BNI_1,29018,2,51,1,1,127,,,0,28,,
ABIDEII-BNI_1,29019,2,62,1,1,100,,,0,66,,
ABIDEII-BNI_1,29020,2,46,1,1,118,,,1,70,,
ABIDEII-BNI_1,29021,2,43,1,1,127,,,0,37,,
ABIDEII-BNI_1,29022,2,40,1,1,127,,,0,18,,
ABIDEII-BNI_1,29023,2,46,1,1,102,,,0,8,,
ABIDEII-BNI_1,29024,2,60,1,1,121,,,0,11,,
ABIDEII-BNI_1,29032,2,20,1,1,122,,,0,30,,
ABIDEII-BNI_1,29033,2,54,1,1,104,,,0,35,,
ABIDEII-BNI_1,29034,2,21,1,1,111,,,0,67,,
ABIDEII-BNI_1,29035,2,22,1,1,117,,,0,41,,
ABIDEII-BNI_1,29036,2,56,1,1,110,,,0,3,,
ABIDEII-BNI_1,29038,2,21,1,1,113,,,0,34,,
ABIDEII-BNI_1,29040,2,49,1,1,110,,,0,30,,
ABIDEII-BNI_1,29044,2,19,1,1,93,,,0,9,,
ABIDEII-BNI_1,29045,2,48,1,1,116,,,0,10,,
ABIDEII-BNI_1,29047,2,55,1,1,124,,,0,21,,
ABIDEII-BNI_1,29048,2,25,1,1,115,,,0,25,,
ABIDEII-BNI_1,29049,2,47,1,1,96,,,0,17,,
ABIDEII-BNI_1,29050,2,18,1,1,122,,,0,25,,
ABIDEII-BNI_1,29051,2,19,1,1,122,,,0,31,,
ABIDEII-BNI_1,29054,2,43,1,1,113,,,0,7,,
ABIDEII-BNI_1,29056,2,18,1,1,106,,,0,10,,
ABIDEII-BNI_1,30146,2,44,1,1,89,,,0,17,,
ABIDEII-BNI_1,30147,2,25,1,1,97,,,0,20,,
ABIDEII-BNI_1,30149,2,43,1,1,98,,,0,23,,
ABIDEII-EMC_1,29864,1,9.013005,1,2,,,,1,,,
ABIDEII-EMC_1,29865,1,10.663929,1,1,,,112,1,,,
ABIDEII-EMC_1,29866,1,8.720055,1,1,,,85,1,,,
ABIDEII-EMC_1,29867,1,8.517454,2,1,,,101,0,,,
ABIDEII-EMC_1,29868,1,10.65024,1,2,,,79,0,,,
ABIDEII-EMC_1,29869,1,8.793977,1,1,,,108,1,,,
ABIDEII-EMC_1,29870,1,8.618754,1,2,,,84,0,,,
ABIDEII-EMC_1,29871,1,7.455168,2,2,,,67,0,,,
ABIDEII-EMC_1,29872,1,9.147159,1,1,,,112,0,,,
ABIDEII-EMC_1,29873,1,6.776181,1,1,,,121,0,,,
ABIDEII-EMC_1,29874,1,7.268994,1,1,,,91,0,,,
ABIDEII-EMC_1,29875,1,8.396988,2,1,,,103,1,,,
ABIDEII-EMC_1,29876,1,8.859685,1,1,,,122,1,,,
ABIDEII-EMC_1,29877,1,7.906913,1,1,,,113,0,,,
ABIDEII-EMC_1,29878,1,8.158795,1,1,,,75,0,,,
ABIDEII-EMC_1,29879,1,7.983573,1,1,,,,0,,,
ABIDEII-EMC_1,29880,1,6.212183,1,2,,,103,0,,,
ABIDEII-EMC_1,29881,1,6.499658,1,1,,,109,1,,,
ABIDEII-EMC_1,29882,1,6.830938,2,1,,,96,0,,,
ABIDEII-EMC_1,29883,1,7.537303,1,1,,,110,1,,,
ABIDEII-EMC_1,29884,1,8.19165,1,1,,,95,0,,,
ABIDEII-EMC_1,29885,1,9.908282,1,1,,,,1,,,
ABIDEII-EMC_1,29886,1,7.186858,1,1,,,92,0,,,
ABIDEII-EMC_1,29887,1,6.98152,1,1,,,101,1,,,
ABIDEII-EMC_1,29888,1,6.822724,1,1,,,81,0,,,
ABIDEII-EMC_1,29889,1,6.874743,2,1,,,86,0,,,
ABIDEII-EMC_1,29890,1,7.23614,1,1,,,112,0,,,
ABIDEII-EMC_1,29891,2,8.837782,1,1,,,76,0,,,
ABIDEII-EMC_1,29892,2,8.851472,2,1,,,82,0,,,
ABIDEII-EMC_1,29893,2,8.898015,1,1,,,135,0,,,
ABIDEII-EMC_1,29894,2,7.772758,2,1,,,97,0,,,
ABIDEII-EMC_1,29895,2,9.935661,1,1,,,88,1,,,
ABIDEII-EMC_1,29896,2,7.047228,2,1,,,96,0,,,
ABIDEII-EMC_1,29897,2,9.034908,1,1,,,98,0,,,
ABIDEII-EMC_1,29898,2,10.119097,1,2,,,71,0,,,
ABIDEII-EMC_1,29899,2,7.550992,2,1,,,110,0,,,
ABIDEII-EMC_1,29900,2,7.126626,1,1,,,84,0,,,
ABIDEII-EMC_1,29901,2,9.374401,1,1,,,100,0,,,
ABIDEII-EMC_1,29902,2,8.380561,1,1,,,86,0,,,
ABIDEII-EMC_1,29903,2,9.229295,1,1,,,105,0,,,
ABIDEII-EMC_1,29904,2,8.375086,1,1,,,116,0,,,
ABIDEII-EMC_1,29905,2,8.276523,1,1,,,112,0,,,
ABIDEII-EMC_1,29906,2,8.542094,1,1,,,,0,,,
ABIDEII-EMC_1,29907,2,6.685832,1,1,,,,0,,,
ABIDEII-EMC_1,29908,2,8.396988,1,2,,,84,0,,,
ABIDEII-EMC_1,29909,2,7.989049,1,1,,,112,0,,,
ABIDEII-EMC_1,29910,2,7.326489,1,1,,,105,0,,,
ABIDEII-EMC_1,29911,2,8.19165,1,2,,,121,0,,,
ABIDEII-EMC_1,29912,2,8.1013,1,1,,,73,0,,,
ABIDEII-EMC_1,29913,2,8.15332,1,2,,,105,0,,,
ABIDEII-EMC_1,29914,2,8.062971,1,2,,,110,0,,,
ABIDEII-EMC_1,29915,2,6.329911,1,2,,,97,0,,,
ABIDEII-EMC_1,29916,2,7.129363,1,1,,,103,0,,,
ABIDEII-EMC_1,29917,2,6.395619,2,1,,,118,0,,,
ABIDEII-ETH_1,29057,1,27.25,1,1,112,112,108,,80,9,11
ABIDEII-ETH_1,29058,1,22.08333333,1,1,123,125,116,,115,10,28
ABIDEII-ETH_1,29059,1,24.58333333,1,1,118,121,109,,11,7,18
ABIDEII-ETH_1,29060,1,20.16666667,1,1,104,104,103,,,12,
ABIDEII-ETH_1,29062,1,20.16666667,1,1,111,113,106,,,11,26
ABIDEII-ETH_1,29063,1,14.75,1,1,119,122,110,,103,8,12
ABIDEII-ETH_1,29064,1,15.41666667,1,1,119,118,116,,61,7,15
ABIDEII-ETH_1,29065,1,18.91666667,1,1,106,90,123,,135,12,15
ABIDEII-ETH_1,29066,1,19.66666667,1,1,115,112,115,,127,8,22
ABIDEII-ETH_1,29067,1,21,1,1,123,129,115,,81,6,1
ABIDEII-ETH_1,29068,1,18.5,1,1,95,99,91,,91,7,25
ABIDEII-ETH_1,29069,1,22.33333333,1,1,90,113,72,,114,,18
ABIDEII-ETH_1,29070,1,22.5,1,1,82,85,84,,89,10,16
ABIDEII-ETH_1,29071,2,18,1,1,116,128,103,,33,,
ABIDEII-ETH_1,29072,2,13.83333333,1,1,100,103,95,,73,,
ABIDEII-ETH_1,29073,2,16.5,1,1,118,127,106,,42,,
ABIDEII-ETH_1,29074,2,21.25,1,1,133,139,128,,26,,
ABIDEII-ETH_1,29075,2,21.66666667,1,1,119,129,106,,34,,
ABIDEII-ETH_1,29076,2,24.08333333,1,1,131,133,121,,20,,
ABIDEII-ETH_1,29077,2,23.16666667,1,1,112,119,103,,,,
ABIDEII-ETH_1,29078,2,23.91666667,1,1,118,116,116,,13,,
ABIDEII-ETH_1,29079,2,22.66666667,1,1,113,109,114,,18,,
ABIDEII-ETH_1,29080,2,25.08333333,1,1,114,109,116,,29,,
ABIDEII-ETH_1,29081,2,19.58333333,1,1,124,128,114,,10,,
ABIDEII-ETH_1,29082,2,22.25,1,1,121,116,121,,17,,
ABIDEII-ETH_1,29083,2,30.66666667,1,1,117,73,92,,18,,
ABIDEII-ETH_1,29084,2,28.08333333,1,1,117,107,126,,20,,
ABIDEII-ETH_1,29085,2,25.66666667,1,1,128,115,135,,15,,
ABIDEII-ETH_1,29086,2,27.75,1,1,108,97,115,,33,,
ABIDEII-ETH_1,29087,2,29.5,1,1,123,109,133,,,,
ABIDEII-ETH_1,29088,2,27.83333333,1,1,129,123,128,,17,,
ABIDEII-ETH_1,29089,2,29,1,1,106,108,103,,53,,
ABIDEII-ETH_1,29090,2,29.41666667,1,1,113,117,113,,29,,
ABIDEII-ETH_1,29091,2,26.41666667,1,1,100,105,96,,103,,
ABIDEII-ETH_1,29092,2,27.41666667,1,1,101,98,105,,58,,
ABIDEII-ETH_1,29093,2,20.16666667,1,1,126,123,133,,15,,
ABIDEII-ETH_1,29094,2,19.25,1,1,109,109,117,,13,,
ABIDEII-GU_1,28752,1,13.07671233,1,1,116,114,116,0,105,13,28
ABIDEII-GU_1,28754,1,9.298630137,1,1,117,124,,0,41,9,16
ABIDEII-GU_1,28756,1,12.49041096,2,2,134,124,,1,100,12,20
ABIDEII-GU_1,28758,1,9.868493151,2,2,101,110,,1,142,12,27
ABIDEII-GU_1,28761,1,11.48493151,1,1,128,134,117,0,46,3,13
ABIDEII-GU_1,28764,1,11.60821918,1,2,113,137,90,1,85,7,24
ABIDEII-GU_1,28765,1,12.06575342,1,1,122,113,126,0,77,15,18
ABIDEII-GU_1,28768,1,11.35890411,1,2,117,130,,1,69,12,21
ABIDEII-GU_1,28771,1,12.6,1,1,100,102,98,1,93,17,26
ABIDEII-GU_1,28777,1,12.1369863,1,1,132,119,137,1,125,9,26
ABIDEII-GU_1,28778,1,9.983561644,1,1,123,130,110,1,86,9,16
ABIDEII-GU_1,28779,1,10.88767123,2,1,126,123,123,0,92,9,21
ABIDEII-GU_1,28780,1,10.89041096,2,1,92,100,,1,104,10,15
ABIDEII-GU_1,28782,1,10.01643836,1,1,127,136,111,1,69,8,23
ABIDEII-GU_1,28784,1,8.997260274,1,1,149,147,139,0,86,17,24
ABIDEII-GU_1,28787,1,12.55890411,1,1,111,110,108,0,96,3,15
ABIDEII-GU_1,28788,1,12.91232877,1,1,138,138,,1,107,11,22
ABIDEII-GU_1,28789,1,13.90684932,1,1,111,109,109,0,72,12,23
ABIDEII-GU_1,28790,1,9.975342466,1,1,119,119,116,0,128,5,27
ABIDEII-GU_1,28791,1,10.87123288,1,1,127,132,,1,133,6,23
ABIDEII-GU_1,28795,1,10.37260274,1,1,120,125,110,1,53,18,13
ABIDEII-GU_1,28796,1,11.60547945,1,1,118,116,117,0,43,15,21
ABIDEII-GU_1,28799,1,8.931506849,1,1,95,102,89,0,108,15,29
ABIDEII-GU_1,28800,1,10.47945205,1,1,129,120,132,0,56,18,26
ABIDEII-GU_1,28802,1,10.30410959,1,1,138,140,,1,82,15,11
ABIDEII-GU_1,28805,1,8.123287671,2,1,,,,1,88,15,24
ABIDEII-GU_1,28807,1,10.59178082,2,1,108,114,101,0,90,12,
ABIDEII-GU_1,28808,1,11.43835616,1,2,110,102,,1,171,10,25
ABIDEII-GU_1,28809,1,11.98630137,1,1,95,105,87,0,113,8,22
ABIDEII-GU_1,28810,1,13.12876712,1,1,102,128,,0,72,6,22
ABIDEII-GU_1,28811,1,8.252054795,1,1,142,133,142,0,199,7,18
ABIDEII-GU_1,28815,1,9.64109589,1,2,130,155,101,0,69,11,16
ABIDEII-GU_1,28816,1,10.62191781,1,1,139,133,135,1,89,10,12
ABIDEII-GU_1,28817,1,13.88219178,1,1,117,119,110,1,76,16,20
ABIDEII-GU_1,28818,1,12.62465753,1,1,90,96,88,1,67,11,21
ABIDEII-GU_1,28819,1,8.339726027,1,1,108,102,114,1,135,12,12
ABIDEII-GU_1,28820,1,10.29041096,1,2,149,143,142,1,52,,17
ABIDEII-GU_1,28821,1,8.64109589,1,1,116,116,111,0,89,,24
ABIDEII-GU_1,28822,1,9.224657534,1,1,112,119,,1,86,,11
ABIDEII-GU_1,28823,1,9.183561644,1,1,103,108,,1,84,,16
ABIDEII-GU_1,28824,1,12.67,1,2,96,99,,1,24,3,
ABIDEII-GU_1,28825,1,9.18630137,1,1,142,138,137,1,73,,12
ABIDEII-GU_1,28831,1,11.49041096,1,1,145,150,129,0,102,6,15
ABIDEII-GU_1,28832,1,8.279452055,1,1,108,123,91,0,54,,14
ABIDEII-GU_1,28834,1,9.383561644,2,1,119,125,106,0,44,,7
ABIDEII-GU_1,28835,1,12.53150685,1,1,122,119,119,1,115,10,22
ABIDEII-GU_1,28838,1,11.48493151,1,1,109,95,124,1,71,,27
ABIDEII-GU_1,28839,1,11.35342466,2,1,106,97,115,0,59,,22
ABIDEII-GU_1,28840,1,11.65205479,1,1,117,110,120,0,102,,19
ABIDEII-GU_1,28843,1,11.12328767,1,1,130,131,120,0,66,,15
ABIDEII-GU_1,28844,1,11.91232877,1,1,97,101,93,0,67,,17
ABIDEII-GU_1,28741,2,12.00547945,1,1,110,123,95,1,9,,
ABIDEII-GU_1,28742,2,12.74246575,2,1,108,110,103,0,45,,
ABIDEII-GU_1,28743,2,12.43835616,1,1,131,119,136,0,1,,
ABIDEII-GU_1,28744,2,9.887671233,1,1,135,143,119,1,27,,
ABIDEII-GU_1,28745,2,12.26575342,1,1,140,142,128,0,13,,
ABIDEII-GU_1,28746,2,9.545205479,1,1,126,119,127,1,16,,
ABIDEII-GU_1,28747,2,11.76164384,1,1,107,114,97,0,9,,
ABIDEII-GU_1,28748,2,13.65205479,1,1,102,108,95,0,15,,
ABIDEII-GU_1,28749,2,13.21643836,2,1,108,107,107,1,16,,
ABIDEII-GU_1,28750,2,13.30684932,2,1,119,119,115,1,13,,
ABIDEII-GU_1,28751,2,10.50136986,2,1,119,120,114,1,31,,
ABIDEII-GU_1,28753,2,13.24931507,2,1,117,114,117,0,4,,
ABIDEII-GU_1,28755,2,10.43561644,1,1,,,,0,67,,
ABIDEII-GU_1,28757,2,10.80547945,2,1,123,127,112,0,5,,
ABIDEII-GU_1,28759,2,9.394520548,2,1,127,116,132,0,9,,
ABIDEII-GU_1,28760,2,12.06849315,2,1,141,143,129,0,16,,
ABIDEII-GU_1,28762,2,12.70136986,1,1,116,128,103,0,10,,
ABIDEII-GU_1,28763,2,8.139726027,2,1,142,136,138,0,19,,
ABIDEII-GU_1,28766,2,11.95342466,1,1,137,131,134,1,14,,
ABIDEII-GU_1,28767,2,9.21369863,1,1,126,127,119,1,27,,
ABIDEII-GU_1,28769,2,9.55890411,2,1,135,142,119,1,21,,
ABIDEII-GU_1,28770,2,9.189041096,2,1,132,138,119,0,24,,
ABIDEII-GU_1,28772,2,9.032876712,2,1,124,135,107,1,29,,
ABIDEII-GU_1,28773,2,8.871232877,2,1,132,129,127,0,39,,
ABIDEII-GU_1,28774,2,11.01917808,1,1,109,100,119,0,15,,
ABIDEII-GU_1,28775,2,13.01369863,2,1,124,117,126,0,14,,
ABIDEII-GU_1,28776,2,8.745205479,2,1,134,131,129,0,19,,
ABIDEII-GU_1,28781,2,10.68767123,1,1,133,132,126,0,14,,
ABIDEII-GU_1,28783,2,8.873972603,2,1,144,139,139,0,19,,
ABIDEII-GU_1,28785,2,12.51232877,1,1,117,113,117,0,26,,
ABIDEII-GU_1,28786,2,10.6630137,2,1,131,129,126,0,19,,
ABIDEII-GU_1,28792,2,10.87123288,1,1,125,128,116,0,31,,
ABIDEII-GU_1,28793,2,8.969863014,1,2,111,108,111,1,29,,
ABIDEII-GU_1,28794,2,11.46849315,1,2,91,86,100,0,38,,
ABIDEII-GU_1,28797,2,13.79726027,1,1,98,99,96,0,67,,
ABIDEII-GU_1,28798,2,10.24109589,1,1,127,143,106,0,18,,
ABIDEII-GU_1,28801,2,9.273972603,2,1,149,156,129,0,15,,
ABIDEII-GU_1,28803,2,8.506849315,2,1,109,108,109,0,14,,
ABIDEII-GU_1,28804,2,8.063013699,1,1,113,122,109,0,9,,
ABIDEII-GU_1,28806,2,11.72876712,1,1,124,113,129,0,57,,
ABIDEII-GU_1,28812,2,8.854794521,1,1,122,119,119,0,18,,
ABIDEII-GU_1,28813,2,10.42739726,2,1,103,108,97,0,9,,
ABIDEII-GU_1,28814,2,8.320547945,2,1,95,87,105,0,13,,
ABIDEII-GU_1,28826,2,10.11232877,2,1,125,128,114,0,7,,
ABIDEII-GU_1,28827,2,8.997260274,2,1,105,96,112,0,19,,
ABIDEII-GU_1,28828,2,10.95342466,1,1,124,116,127,0,8,,
ABIDEII-GU_1,28829,2,8.821917808,2,1,129,130,120,0,2,,
ABIDEII-GU_1,28830,2,8.912328767,1,1,130,117,138,0,3,,
ABIDEII-GU_1,28836,2,8.375342466,2,1,119,130,100,0,11,,
ABIDEII-GU_1,28837,2,11.75890411,1,2,124,117,125,0,9,,
ABIDEII-GU_1,28841,2,8.723287671,2,1,102,111,92,0,10,,
ABIDEII-GU_1,28842,2,8.408219178,1,1,148,143,147,0,29,,
ABIDEII-GU_1,28845,2,8.39,1,1,112,110,112,0,21,,
ABIDEII-GU_1,28846,2,8.74,2,1,100,99,101,0,20,,
ABIDEII-GU_1,28847,2,10.49,1,1,125,139,104,0,12,,
ABIDEII-IP_1,29584,1,8.17,2,1,84,106,76,0,,5,25
ABIDEII-IP_1,29587,1,9.996,1,1,71,81,67,0,,19,
ABIDEII-IP_1,29588,1,19.71,1,1,65,69,70,0,,5,11
ABIDEII-IP_1,29591,1,6.051,2,1,,,70,0,,18,25
ABIDEII-IP_1,29592,1,13.69,1,1,125,135,116,0,,13,
ABIDEII-IP_1,29595,1,27.36,1,1,108,,,0,,18,23
ABIDEII-IP_1,29603,1,16.57,2,1,110,103,130,0,,18,
ABIDEII-IP_1,29606,1,7.556,1,1,,109,92,0,,17,22
ABIDEII-IP_1,29609,1,12.99,1,1,,,93,0,,14,26
ABIDEII-IP_1,29610,1,14.7,2,1,108,101,128,0,,9,0
ABIDEII-IP_1,29612,1,17.9,1,1,,,110,1,,12,
ABIDEII-IP_1,29613,1,19.52,2,1,110,106,110,0,,15,
ABIDEII-IP_1,29615,1,15.81,1,1,57,92,61,0,,20,
ABIDEII-IP_1,29619,1,15.49,1,1,107,112,109,0,,14,
ABIDEII-IP_1,29623,1,18.06,2,1,80,85,82,0,,18,26
ABIDEII-IP_1,29624,1,15.2,2,1,69,70,75,0,,16,
ABIDEII-IP_1,29626,1,14.18,1,1,119,128,119,0,,15,0
ABIDEII-IP_1,29627,1,21.12,1,1,49,45,65,0,,19,24
ABIDEII-IP_1,29628,1,18.75,2,1,,,66,0,,12,27
ABIDEII-IP_1,29629,1,15.29,1,1,124,123,119,0,,14,
ABIDEII-IP_1,29633,1,15.1,1,1,106,118,92,1,,12,24
ABIDEII-IP_1,29634,1,9.637,1,2,78,94,82,0,,15,
ABIDEII-IP_1,29580,2,24.26,1,1,,,119,0,,,
ABIDEII-IP_1,29581,2,29.85,2,3,,,135,0,,,
ABIDEII-IP_1,29582,2,27.66,2,1,,,100,0,,,
ABIDEII-IP_1,29583,2,22.46,1,1,,,106,0,,,
ABIDEII-IP_1,29585,2,34.43,1,1,,,120,0,,,
ABIDEII-IP_1,29586,2,29.88,2,1,,,105,0,,,
ABIDEII-IP_1,29589,2,25.24,1,1,,,110,0,,,
ABIDEII-IP_1,29590,2,19.06,2,1,,,113,0,,,
ABIDEII-IP_1,29593,2,19.33,2,2,,,100,0,,,
ABIDEII-IP_1,29594,2,20.51,1,1,,,105,0,,,
ABIDEII-IP_1,29596,2,9.933,2,1,120,,,0,,,
ABIDEII-IP_1,29597,2,23.14,2,1,,,135,0,,,
ABIDEII-IP_1,29598,2,42.76,2,1,,,103,0,,,
ABIDEII-IP_1,29599,2,10.15,1,1,104,,,0,,,
ABIDEII-IP_1,29600,2,46.43,2,1,,,105,0,,,
ABIDEII-IP_1,29601,2,19.08,2,2,,,110,0,,,
ABIDEII-IP_1,29602,2,26.03,1,3,,,125,0,,,
ABIDEII-IP_1,29604,2,19.85,2,1,,,125,0,,,
ABIDEII-IP_1,29605,2,21.79,2,1,,,100,0,,,
ABIDEII-IP_1,29607,2,17.56,2,1,,,106,0,,,
ABIDEII-IP_1,29608,2,22.52,1,1,,,110,0,,,
ABIDEII-IP_1,29611,2,33.53,2,1,,,105,0,,,
ABIDEII-IP_1,29614,2,9.897,1,1,71,,,0,,,
ABIDEII-IP_1,29616,2,10.87,2,1,,,130,1,,,
ABIDEII-IP_1,29617,2,10.87,1,1,107,103,105,0,,,
ABIDEII-IP_1,29618,2,35.58,1,1,,,100,0,,,
ABIDEII-IP_1,29620,2,11.67,2,1,,,110,0,,,
ABIDEII-IP_1,29621,2,8.17,2,1,125,120,125,0,,,
ABIDEII-IP_1,29622,2,9.161,2,2,89,,,0,,,
ABIDEII-IP_1,29625,2,41.62,2,1,,,119,0,,,
ABIDEII-IP_1,29630,2,8.068,2,1,124,,,0,,,
ABIDEII-IP_1,29631,2,46.6,2,2,,,105,0,,,
ABIDEII-IP_1,29632,2,10.6,2,2,106,,,0,,,
ABIDEII-IP_1,29635,2,42,1,1,,,130,0,,,
ABIDEII-IU_1,29539,1,19,1,1,129,138,111,,77,7,
ABIDEII-IU_1,29540,1,19,1,1,113,98,127,,,6,
ABIDEII-IU_1,29541,1,19,1,1,126,134,110,,26,7,
ABIDEII-IU_1,29542,1,24,2,3,126,126,117,,118,8,
ABIDEII-IU_1,29543,1,22,1,1,125,131,110,,,8,
ABIDEII-IU_1,29544,1,23,2,1,116,116,111,,124,13,
ABIDEII-IU_1,29545,1,19,1,1,132,118,143,,116,11,
ABIDEII-IU_1,29547,1,20,1,1,117,110,120,,,12,
ABIDEII-IU_1,29549,1,37,1,1,121,133,102,,115,6,
ABIDEII-IU_1,29553,1,28,1,2,105,106,101,,113,7,
ABIDEII-IU_1,29555,1,42,2,1,119,114,120,,93,10,
ABIDEII-IU_1,29559,1,19,1,1,109,111,105,,,6,
ABIDEII-IU_1,29561,1,21,1,1,119,117,115,,141,12,
ABIDEII-IU_1,29562,1,54,2,1,118,130,100,,113,6,
ABIDEII-IU_1,29566,1,23,1,2,117,104,128,,112,10,
ABIDEII-IU_1,29568,1,17,1,1,99,89,109,,133,9,
ABIDEII-IU_1,29569,1,28,1,3,110,114,103,,93,9,
ABIDEII-IU_1,29572,1,18,1,1,80,93,72,,35,9,
ABIDEII-IU_1,29575,1,24,1,1,126,138,106,,58,7,
ABIDEII-IU_1,29576,1,24,1,3,119,135,96,,,9,
ABIDEII-IU_1,29538,2,22,1,1,105,110,99,,22,,
ABIDEII-IU_1,29546,2,23,1,3,105,105,105,,,,
ABIDEII-IU_1,29548,2,37,1,1,130,112,142,,,,
ABIDEII-IU_1,29550,2,31,1,2,107,103,109,,,,
ABIDEII-IU_1,29551,2,22,2,1,123,127,112,,,,
ABIDEII-IU_1,29552,2,22,2,3,94,98,92,,39,,
ABIDEII-IU_1,29554,2,21,1,1,127,128,119,,,,
ABIDEII-IU_1,29556,2,22,1,1,118,113,118,,52,,
ABIDEII-IU_1,29557,2,21,1,1,127,128,119,,,,
ABIDEII-IU_1,29558,2,19,1,1,118,113,119,,70,,
ABIDEII-IU_1,29560,2,21,2,1,116,119,116,,33,,
ABIDEII-IU_1,29563,2,25,2,1,121,125,110,,49,,
ABIDEII-IU_1,29564,2,20,1,1,130,117,138,,,,
ABIDEII-IU_1,29565,2,20,2,1,128,124,124,,53,,
ABIDEII-IU_1,29567,2,34,1,1,135,139,124,,19,,
ABIDEII-IU_1,29570,2,20,1,1,105,109,100,,44,,
ABIDEII-IU_1,29571,2,26,1,1,113,106,117,,,,
ABIDEII-IU_1,29573,2,20,1,1,115,105,122,,70,,
ABIDEII-IU_1,29574,2,25,1,1,112,111,110,,43,,
ABIDEII-IU_1,29577,2,24,1,1,111,114,105,,,,
ABIDEII-KKI_1,29273,1,8.476712329,1,1,114,142,104,0,88,13,22
ABIDEII-KKI_1,29274,1,9.246575342,1,1,88,104,79,1,138,15,26
ABIDEII-KKI_1,29275,1,8.646575342,1,1,,130,121,1,,11,12
ABIDEII-KKI_1,29276,1,9.216438356,2,1,115,128,115,0,109,15,12
ABIDEII-KKI_1,29277,1,12.7890411,1,1,126,132,123,1,41,10,12
ABIDEII-KKI_1,29278,1,9.994520548,2,1,115,128,110,1,114,13,19
ABIDEII-KKI_1,29279,1,9.561643836,2,3,130,144,115,1,116,17,18
ABIDEII-KKI_1,29280,1,8.457534247,1,1,114,114,117,0,120,17,25
ABIDEII-KKI_1,29281,1,9.331506849,1,3,76,71,98,1,99,21,18
ABIDEII-KKI_1,29282,1,10.66027397,1,1,90,87,96,1,63,11,14
ABIDEII-KKI_1,29283,1,8.736986301,1,1,100,98,119,0,105,18,18
ABIDEII-KKI_1,29284,1,12.84931507,1,1,129,134,110,1,106,11,15
ABIDEII-KKI_1,29285,1,8.095890411,2,1,88,89,104,0,114,13,27
ABIDEII-KKI_1,29286,1,11.44383562,1,1,110,130,84,0,91,10,25
ABIDEII-KKI_1,29287,1,8.989041096,2,1,98,95,102,0,59,11,24
ABIDEII-KKI_1,29288,1,11.46575342,1,1,131,116,135,0,62,14,11
ABIDEII-KKI_1,29289,1,10.54246575,2,1,92,100,98,0,68,16,10
ABIDEII-KKI_1,29290,1,12.98630137,1,1,114,134,119,0,63,10,20
ABIDEII-KKI_1,29291,1,11.63835616,1,1,108,114,119,0,102,11,17
ABIDEII-KKI_1,29292,1,11.14794521,1,1,106,112,121,1,84,17,25
ABIDEII-KKI_1,29293,1,8.893150685,2,1,73,91,79,1,85,18,23
ABIDEII-KKI_1,29344,1,11.03287671,2,1,108,121,106,0,91,,22
ABIDEII-KKI_1,29375,1,12.60547945,2,1,110,106,110,1,101,,
ABIDEII-KKI_1,29376,1,10.54246575,1,1,119,124,106,0,45,,24
ABIDEII-KKI_1,29385,1,12.02465753,1,1,99,102,110,1,82,,19
ABIDEII-KKI_1,29389,1,10.92328767,1,1,120,126,127,0,77,,13
ABIDEII-KKI_1,29391,1,8.01369863,1,1,98,100,106,1,66,,20
ABIDEII-KKI_1,29392,1,9.55890411,1,3,116,119,115,1,76,,19
ABIDEII-KKI_1,29393,1,10.78630137,1,1,92,106,88,1,144,,28
ABIDEII-KKI_1,29394,1,10.8109589,1,1,84,83,100,0,99,,27
ABIDEII-KKI_1,29398,1,10.38356164,1,3,63,91,67,1,109,,25
ABIDEII-KKI_1,29400,1,12.55890411,1,1,93,93,104,0,54,,10
ABIDEII-KKI_1,29401,1,8.463013699,1,1,97,91,106,0,155,,29
ABIDEII-KKI_1,29403,1,10.85479452,1,3,92,106,90,,,,16
ABIDEII-KKI_1,29404,1,8.810958904,1,1,99,104,98,0,116,,20
ABIDEII-KKI_1,29408,1,12.2,1,2,119,130,123,1,115,,19
ABIDEII-KKI_1,29409,1,8.147945205,2,1,130,134,112,0,79,,12
ABIDEII-KKI_1,29410,1,9.961643836,1,3,81,98,84,,,,25
ABIDEII-KKI_1,29411,1,11.69041096,2,1,115,110,112,1,123,,16
ABIDEII-KKI_1,29412,1,10.97260274,2,1,125,132,117,1,137,,12
ABIDEII-KKI_1,29413,1,8.736986301,1,1,114,114,108,0,74,,28
ABIDEII-KKI_1,29415,1,9.073972603,1,1,84,100,86,1,92,,20
ABIDEII-KKI_1,29416,1,8.638356164,2,1,114,116,117,1,81,,19
ABIDEII-KKI_1,29417,1,8.624657534,1,3,132,148,127,1,117,,14
ABIDEII-KKI_1,29430,1,11.76438356,1,1,100,108,110,0,95,,22
ABIDEII-KKI_1,29433,1,9.093150685,1,3,108,93,108,0,81,,21
ABIDEII-KKI_1,29434,1,8.057534247,2,2,99,99,96,0,108,,13
ABIDEII-KKI_1,29435,1,11.0109589,1,1,103,106,108,0,124,,25
ABIDEII-KKI_1,29449,1,10.05753425,1,1,107,116,104,0,109,,13
ABIDEII-KKI_1,29456,1,12.99178082,1,1,83,104,96,,97,,22
ABIDEII-KKI_1,29458,1,10.98082192,1,1,104,93,125,0,60,,17
ABIDEII-KKI_1,29477,1,10.78630137,2,1,105,104,106,1,120,,18
ABIDEII-KKI_1,29479,1,9.991780822,1,1,87,96,92,0,92,,23
ABIDEII-KKI_1,29481,1,9.145205479,1,1,93,96,84,0,124,,28
ABIDEII-KKI_1,29482,1,12.50410959,1,1,92,98,84,0,65,,19
ABIDEII-KKI_1,29484,1,12.70136986,1,1,86,95,94,0,,,26
ABIDEII-KKI_1,29294,2,11.76712329,1,1,117,121,112,1,7,,
ABIDEII-KKI_1,29295,2,9.243835616,2,3,122,140,112,0,14,,
ABIDEII-KKI_1,29296,2,10.44383562,2,1,98,87,104,0,27,,
ABIDEII-KKI_1,29297,2,9.665753425,2,1,120,128,106,0,27,,
ABIDEII-KKI_1,29298,2,10.55068493,2,1,132,121,131,0,12,,
ABIDEII-KKI_1,29299,2,11.02739726,2,1,115,121,108,0,12,,
ABIDEII-KKI_1,29300,2,9.734246575,2,1,106,100,102,0,23,,
ABIDEII-KKI_1,29301,2,10.78082192,2,1,105,108,119,0,3,,
ABIDEII-KKI_1,29302,2,11.66849315,2,1,119,132,106,0,15,,
ABIDEII-KKI_1,29303,2,8.556164384,1,1,113,119,102,0,29,,
ABIDEII-KKI_1,29304,2,10.60273973,2,2,115,112,106,0,,,
ABIDEII-KKI_1,29305,2,9.578082192,1,1,99,100,106,0,2,,
ABIDEII-KKI_1,29306,2,9.621917808,2,1,111,119,98,0,12,,
ABIDEII-KKI_1,29307,2,9.120547945,2,1,109,121,94,0,18,,
ABIDEII-KKI_1,29308,2,11.84383562,1,1,134,119,123,0,21,,
ABIDEII-KKI_1,29309,2,9.057534247,2,1,95,114,92,0,5,,
ABIDEII-KKI_1,29310,2,8.024657534,1,2,108,112,119,0,21,,
ABIDEII-KKI_1,29311,2,9.750684932,1,1,114,119,115,0,13,,
ABIDEII-KKI_1,29312,2,9.789041096,2,1,109,108,110,0,10,,
ABIDEII-KKI_1,29313,2,8.619178082,1,1,121,112,125,0,10,,
ABIDEII-KKI_1,29314,2,10.12328767,1,1,131,134,127,0,11,,
ABIDEII-KKI_1,29315,2,10.96712329,2,1,111,112,112,0,4,,
ABIDEII-KKI_1,29316,2,10.09041096,1,1,108,104,117,0,30,,
ABIDEII-KKI_1,29317,2,10.08767123,1,1,105,110,92,0,13,,
ABIDEII-KKI_1,29318,2,8.983561644,2,1,116,112,110,0,13,,
ABIDEII-KKI_1,29319,2,9.619178082,1,2,115,116,123,0,19,,
ABIDEII-KKI_1,29320,2,9.471232877,1,2,120,128,117,0,10,,
ABIDEII-KKI_1,29321,2,12.8739726,1,3,108,124,104,0,32,,
ABIDEII-KKI_1,29322,2,9.391780822,2,3,116,114,102,0,54,,
ABIDEII-KKI_1,29323,2,11.09041096,1,1,85,99,102,0,21,,
ABIDEII-KKI_1,29324,2,9.021917808,1,1,120,138,121,0,16,,
ABIDEII-KKI_1,29325,2,10.68767123,1,1,104,112,110,0,11,,
ABIDEII-KKI_1,29326,2,12.89863014,1,1,117,134,106,0,6,,
ABIDEII-KKI_1,29327,2,11.09589041,1,1,109,124,117,0,8,,
ABIDEII-KKI_1,29328,2,10.08767123,1,1,96,104,100,0,15,,
ABIDEII-KKI_1,29329,2,11.72876712,2,1,117,108,121,0,8,,
ABIDEII-KKI_1,29330,2,11.66027397,1,1,114,108,110,0,21,,
ABIDEII-KKI_1,29331,2,10.72876712,2,1,122,121,119,0,15,,
ABIDEII-KKI_1,29332,2,9.117808219,1,1,122,124,108,0,1,,
ABIDEII-KKI_1,29333,2,10.80547945,2,1,97,85,86,0,22,,
ABIDEII-KKI_1,29334,2,8.115068493,2,1,89,85,98,0,12,,
ABIDEII-KKI_1,29335,2,9.64109589,1,3,120,136,96,0,14,,
ABIDEII-KKI_1,29336,2,11.14794521,2,1,108,104,92,0,22,,
ABIDEII-KKI_1,29337,2,12.36164384,2,1,110,121,100,0,5,,
ABIDEII-KKI_1,29338,2,10.82465753,1,1,98,124,79,0,16,,
ABIDEII-KKI_1,29339,2,8.906849315,2,1,109,100,106,0,7,,
ABIDEII-KKI_1,29340,2,8.331506849,1,1,106,96,119,0,27,,
ABIDEII-KKI_1,29341,2,10.29589041,1,1,109,112,110,0,16,,
ABIDEII-KKI_1,29342,2,9.745205479,2,1,111,106,123,0,5,,
ABIDEII-KKI_1,29343,2,8.920547945,2,1,119,119,108,0,24,,
ABIDEII-KKI_1,29345,2,11.02739726,1,1,101,112,92,0,11,,
ABIDEII-KKI_1,29346,2,12.66027397,1,1,100,95,104,,31,,
ABIDEII-KKI_1,29347,2,9.375342466,1,1,115,130,121,0,7,,
ABIDEII-KKI_1,29348,2,12.35342466,1,1,103,112,96,0,13,,
ABIDEII-KKI_1,29349,2,10.63013699,1,1,116,116,115,0,9,,
ABIDEII-KKI_1,29350,2,11.24383562,1,1,114,106,115,0,41,,
ABIDEII-KKI_1,29351,2,9.734246575,2,1,122,132,110,0,23,,
ABIDEII-KKI_1,29352,2,9.405479452,1,1,105,128,100,0,36,,
ABIDEII-KKI_1,29353,2,9.819178082,2,1,117,116,102,0,3,,
ABIDEII-KKI_1,29354,2,9.295890411,1,1,120,130,123,0,9,,
ABIDEII-KKI_1,29355,2,11.85205479,1,1,114,126,117,0,18,,
ABIDEII-KKI_1,29356,2,11.72876712,1,2,108,100,112,0,15,,
ABIDEII-KKI_1,29357,2,12.76438356,1,1,109,132,108,0,28,,
ABIDEII-KKI_1,29358,2,10.4,2,1,121,128,115,0,11,,
ABIDEII-KKI_1,29359,2,11.44657534,1,1,125,126,135,0,35,,
ABIDEII-KKI_1,29360,2,10.37260274,1,3,102,91,108,0,23,,
ABIDEII-KKI_1,29361,2,9.309589041,1,1,114,121,104,0,16,,
ABIDEII-KKI_1,29362,2,10.44383562,1,1,111,126,104,0,8,,
ABIDEII-KKI_1,29363,2,11.44383562,2,1,102,106,102,0,10,,
ABIDEII-KKI_1,29364,2,8.82739726,2,1,100,112,79,0,26,,
ABIDEII-KKI_1,29365,2,12.36986301,1,1,120,116,110,0,0,,
ABIDEII-KKI_1,29366,2,9.819178082,2,1,122,134,123,0,12,,
ABIDEII-KKI_1,29367,2,8.942465753,1,1,123,114,119,0,15,,
ABIDEII-KKI_1,29368,2,12.16438356,1,1,140,126,147,0,9,,
ABIDEII-KKI_1,29369,2,9.301369863,2,1,102,95,102,0,14,,
ABIDEII-KKI_1,29370,2,12.30410959,2,1,123,119,123,0,43,,
ABIDEII-KKI_1,29371,2,9.936986301,2,3,97,98,102,,,,
ABIDEII-KKI_1,29372,2,11.75890411,1,1,101,106,96,0,2,,
ABIDEII-KKI_1,29373,2,9.652054795,1,1,118,132,119,0,26,,
ABIDEII-KKI_1,29374,2,11.02465753,1,1,109,121,86,0,26,,
ABIDEII-KKI_1,29377,2,10.29041096,1,1,108,116,94,0,13,,
ABIDEII-KKI_1,29378,2,11.95068493,1,1,119,124,125,0,8,,
ABIDEII-KKI_1,29379,2,12.16438356,1,3,129,134,119,0,19,,
ABIDEII-KKI_1,29380,2,10.60821918,1,1,127,132,119,0,23,,
ABIDEII-KKI_1,29381,2,10.35342466,1,1,97,112,96,0,21,,
ABIDEII-KKI_1,29382,2,10.01917808,1,1,125,121,139,0,7,,
ABIDEII-KKI_1,29383,2,10.54246575,1,1,127,124,121,0,7,,
ABIDEII-KKI_1,29384,2,10.30410959,1,1,109,132,106,0,9,,
ABIDEII-KKI_1,29386,2,8.068493151,1,1,119,119,121,0,31,,
ABIDEII-KKI_1,29387,2,8.594520548,1,3,120,126,121,0,61,,
ABIDEII-KKI_1,29388,2,10.59726027,1,2,94,102,90,0,52,,
ABIDEII-KKI_1,29390,2,8.178082192,1,1,119,130,106,0,17,,
ABIDEII-KKI_1,29395,2,9.268493151,1,1,114,116,110,0,5,,
ABIDEII-KKI_1,29396,2,11.29863014,1,1,140,132,123,0,12,,
ABIDEII-KKI_1,29397,2,9.435616438,1,1,128,132,127,0,19,,
ABIDEII-KKI_1,29399,2,10.67671233,1,1,120,126,110,0,16,,
ABIDEII-KKI_1,29402,2,8.471232877,1,1,100,99,98,0,49,,
ABIDEII-KKI_1,29405,2,10.19726027,2,1,99,98,106,0,12,,
ABIDEII-KKI_1,29407,2,9.232876712,2,1,106,128,98,0,51,,
ABIDEII-KKI_1,29414,2,11.21643836,1,1,112,121,117,0,14,,
ABIDEII-KKI_1,29418,2,8.821917808,1,1,114,114,119,0,19,,
ABIDEII-KKI_1,29419,2,9.808219178,1,1,135,138,121,0,19,,
ABIDEII-KKI_1,29420,2,9.742465753,2,1,114,106,112,0,5,,
ABIDEII-KKI_1,29421,2,11.76438356,2,1,123,130,121,0,18,,
ABIDEII-KKI_1,29422,2,10.41369863,2,2,123,130,121,0,22,,
ABIDEII-KKI_1,29423,2,11.0739726,1,1,116,110,117,0,29,,
ABIDEII-KKI_1,29424,2,8.854794521,1,3,101,119,100,0,18,,
ABIDEII-KKI_1,29425,2,12.65753425,1,1,143,130,129,0,48,,
ABIDEII-KKI_1,29427,2,11.02465753,1,1,105,116,102,0,16,,
ABIDEII-KKI_1,29428,2,8.64109589,1,1,135,144,137,0,19,,
ABIDEII-KKI_1,29429,2,11.16986301,1,2,110,106,108,0,11,,
ABIDEII-KKI_1,29431,2,12.66575342,1,1,114,130,96,0,13,,
ABIDEII-KKI_1,29432,2,10.78082192,2,3,119,128,106,0,29,,
ABIDEII-KKI_1,29436,2,11.15890411,2,1,112,108,100,0,4,,
ABIDEII-KKI_1,29437,2,10.15616438,2,1,126,130,117,0,3,,
ABIDEII-KKI_1,29438,2,11.01643836,2,1,120,114,102,0,5,,
ABIDEII-KKI_1,29439,2,8.783561644,2,1,106,102,96,0,28,,
ABIDEII-KKI_1,29440,2,11.3369863,2,1,134,116,133,0,5,,
ABIDEII-KKI_1,29441,2,9.282191781,2,1,109,102,117,0,17,,
ABIDEII-KKI_1,29442,2,11.8109589,2,1,103,108,98,0,9,,
ABIDEII-KKI_1,29443,2,9.61369863,1,1,105,112,115,0,17,,
ABIDEII-KKI_1,29444,2,10.01369863,2,1,114,121,106,0,29,,
ABIDEII-KKI_1,29445,2,9.684931507,2,1,114,124,110,0,10,,
ABIDEII-KKI_1,29446,2,9.167123288,1,2,107,116,119,0,41,,
ABIDEII-KKI_1,29447,2,9.564383562,1,1,114,121,110,0,10,,
ABIDEII-KKI_1,29448,2,9.136986301,1,1,116,119,121,0,10,,
ABIDEII-KKI_1,29450,2,11.04109589,1,3,105,91,104,0,18,,
ABIDEII-KKI_1,29451,2,10.26849315,1,1,108,114,115,0,12,,
ABIDEII-KKI_1,29452,2,9.860273973,1,1,105,110,106,0,16,,
ABIDEII-KKI_1,29453,2,10.05479452,2,1,127,146,115,0,6,,
ABIDEII-KKI_1,29454,2,10.37260274,1,1,124,130,119,0,5,,
ABIDEII-KKI_1,29455,2,11.52876712,1,1,122,138,108,0,4,,
ABIDEII-KKI_1,29457,2,9.632876712,2,1,127,128,115,0,19,,
ABIDEII-KKI_1,29459,2,10.37260274,2,1,118,114,123,0,16,,
ABIDEII-KKI_1,29460,2,9.156164384,1,1,116,116,115,0,19,,
ABIDEII-KKI_1,29461,2,11.28493151,1,1,108,119,102,0,4,,
ABIDEII-KKI_1,29462,2,9.575342466,2,1,118,126,110,0,28,,
ABIDEII-KKI_1,29463,2,11.04931507,2,1,110,102,121,0,34,,
ABIDEII-KKI_1,29464,2,12.42739726,1,1,135,130,121,0,8,,
ABIDEII-KKI_1,29465,2,11.23013699,1,1,125,128,115,0,11,,
ABIDEII-KKI_1,29466,2,9.430136986,2,1,117,124,100,0,5,,
ABIDEII-KKI_1,29467,2,11.82191781,1,1,123,134,119,0,29,,
ABIDEII-KKI_1,29468,2,10.79726027,1,3,125,124,121,0,24,,
ABIDEII-KKI_1,29469,2,8.060273973,1,1,125,137,125,0,3,,
ABIDEII-KKI_1,29470,2,9.208219178,1,1,131,128,145,0,9,,
ABIDEII-KKI_1,29471,2,10.63013699,1,1,113,114,98,0,14,,
ABIDEII-KKI_1,29472,2,10.10958904,1,2,109,112,106,0,,,
ABIDEII-KKI_1,29473,2,8.898630137,1,1,119,119,108,,15,,
ABIDEII-KKI_1,29474,2,12.66027397,1,1,111,114,106,0,6,,
ABIDEII-KKI_1,29475,2,10.69589041,1,1,133,126,129,0,18,,
ABIDEII-KKI_1,29476,2,11.65753425,1,1,109,124,104,0,12,,
ABIDEII-KKI_1,29478,2,10.58630137,1,1,105,121,86,0,,,
ABIDEII-KKI_1,29480,2,12.60547945,1,1,129,138,115,0,,,
ABIDEII-KKI_1,29483,2,9.632876712,1,1,118,113,111,0,,,
ABIDEII-KKI_1,29485,2,8.846575342,2,1,115,116,102,0,,,
ABIDEII-KUL_3,29656,1,21,1,1,105,105,104,0,29,2,
ABIDEII-KUL_3,29657,1,20,1,1,92,109,79,0,80,7,
ABIDEII-KUL_3,29658,1,25,1,1,108,120,112,0,58,3,
ABIDEII-KUL_3,29659,1,23,1,2,83,100,70,0,78,14,
ABIDEII-KUL_3,29660,1,25,1,1,89,105,87,0,72,10,
ABIDEII-KUL_3,29661,1,25,1,1,104,109,106,0,96,16,
ABIDEII-KUL_3,29662,1,25,1,1,84,98,85,0,65,9,
ABIDEII-KUL_3,29664,1,18,1,1,146,136,149,0,34,15,
ABIDEII-KUL_3,29665,1,19,1,2,104,98,123,0,46,6,
ABIDEII-KUL_3,29666,1,20,1,2,107,109,123,0,38,10,
ABIDEII-KUL_3,29667,1,24,1,1,98,111,87,0,89,10,
ABIDEII-KUL_3,29668,1,27,1,1,122,91,115,0,76,8,
ABIDEII-KUL_3,29669,1,22,1,1,104,105,116,0,33,8,
ABIDEII-KUL_3,29670,1,18,1,1,115,114,110,0,44,7,
ABIDEII-KUL_3,29671,1,24,1,1,115,103,129,0,56,12,
ABIDEII-KUL_3,29674,1,30,1,1,113,,,1,75,7,
ABIDEII-KUL_3,29675,1,33,1,1,100,103,104,1,101,7,
ABIDEII-KUL_3,29676,1,26,1,1,104,120,104,0,47,9,
ABIDEII-KUL_3,29677,1,18,1,1,127,134,118,1,71,13,
ABIDEII-KUL_3,29678,1,18,1,1,100,114,85,0,51,6,
ABIDEII-KUL_3,29679,1,24,1,1,123,103,135,0,59,2,
ABIDEII-KUL_3,29794,1,18,1,1,113,114,116,0,60,11,
ABIDEII-KUL_3,29795,1,24,1,1,73,87,64,0,94,8,
ABIDEII-KUL_3,29796,1,19,1,2,122,116,123,0,109,6,
ABIDEII-KUL_3,29797,1,24,1,1,119,127,118,1,69,8,
ABIDEII-KUL_3,29798,1,21,1,1,103,105,110,0,71,4,
ABIDEII-KUL_3,29799,1,35,1,2,87,111,77,1,114,5,
ABIDEII-KUL_3,29800,1,34,1,2,125,111,121,0,135,7,
ABIDEII-NYU_1,29177,1,10,2,1,74,86,67,1,114,13,23
ABIDEII-NYU_1,29178,1,13.63,1,,100,102,99,1,85,8,20
ABIDEII-NYU_1,29179,1,7.25,1,3,89,93,89,0,105,10,15
ABIDEII-NYU_1,29180,1,6.55,1,,78,77,84,0,59,9,21
ABIDEII-NYU_1,29181,1,8.3,1,1,126,115,132,0,42,11,5
ABIDEII-NYU_1,29182,1,5.928,1,2,103,111,105,1,107,,17
ABIDEII-NYU_1,29183,1,7.68,1,,100,112,93,0,79,,24
ABIDEII-NYU_1,29184,1,7.3,1,1,75,90,76,0,70,,27
ABIDEII-NYU_1,29185,1,7.76,1,3,73,73,77,0,40,,13
ABIDEII-NYU_1,29186,1,7.17,1,1,106,95,106,0,79,,15
ABIDEII-NYU_1,29187,1,5.43,1,1,117,123,97,0,16,,9
ABIDEII-NYU_1,29188,1,8.27,1,1,134,135,125,0,73,11,15
ABIDEII-NYU_1,29189,1,5.32,1,,78,79,79,0,87,17,9
ABIDEII-NYU_1,29190,1,12.49,1,,67,68,72,0,160,17,
ABIDEII-NYU_1,29191,1,9.39,1,1,88,98,81,0,113,11,27
ABIDEII-NYU_1,29192,1,11.28,1,,109,102,116,0,110,8,26
ABIDEII-NYU_1,29193,1,7.18,1,1,126,115,132,0,86,7,27
ABIDEII-NYU_1,29194,1,5.92,1,,104,104,98,0,113,8,12
ABIDEII-NYU_1,29195,1,7.19,1,,89,96,87,0,129,13,15
ABIDEII-NYU_1,29196,1,10.41,1,1,114,117,107,1,123,14,25
ABIDEII-NYU_1,29197,1,11.99,1,3,103,98,108,0,131,13,21
ABIDEII-NYU_1,29198,1,10.24,1,1,87,84,94,0,76,11,20
ABIDEII-NYU_1,29199,1,8.33,1,1,138,128,138,0,152,8,28
ABIDEII-NYU_1,29200,1,13.16,1,1,93,80,108,1,49,12,6
ABIDEII-NYU_1,29201,1,9.61,1,1,110,94,128,1,84,7,13
ABIDEII-NYU_1,29202,1,7.17,1,3,80,87,77,0,68,9,6
ABIDEII-NYU_1,29203,1,26.06,1,,116,122,106,0,82,11,
ABIDEII-NYU_1,29204,1,12.64,1,1,124,118,128,1,71,8,21
ABIDEII-NYU_1,29205,1,26.62,1,1,90,88,95,0,126,8,16
ABIDEII-NYU_1,29206,1,6.7,1,1,113,124,111,0,36,,18
ABIDEII-NYU_1,29207,1,10.64,1,1,91,83,103,0,36,8,15
ABIDEII-NYU_1,29208,1,8.23,1,3,98,108,88,0,71,8,17
ABIDEII-NYU_1,29209,1,8.03,1,3,74,72,82,0,36,5,24
ABIDEII-NYU_1,29210,1,8.3,1,2,108,113,101,1,104,5,24
ABIDEII-NYU_1,29211,1,17.93,1,1,109,105,117,1,87,6,
ABIDEII-NYU_1,29212,1,34.76,2,1,116,110,118,0,99,7,9
ABIDEII-NYU_1,29213,1,8.82,2,3,79,83,80,0,95,6,18
ABIDEII-NYU_1,29214,1,6.417,1,1,98,98,90,0,41,,12
ABIDEII-NYU_1,29215,1,8.03,1,1,136,122,140,0,110,3,23
ABIDEII-NYU_1,29216,1,7.57,1,3,108,108,107,0,80,7,20
ABIDEII-NYU_1,29217,1,6.75,2,1,91,92,94,0,57,,11
ABIDEII-NYU_1,29218,1,8.16,1,1,99,103,97,0,117,,18
ABIDEII-NYU_1,29219,1,5.96,1,1,100,99,100,0,115,5,14
ABIDEII-NYU_1,29220,1,8.61,1,1,124,100,147,0,89,12,15
ABIDEII-NYU_1,29221,1,10.89,1,1,111,110,108,0,86,9,4
ABIDEII-NYU_1,29222,1,14.98,1,1,128,132,119,1,101,8,11
ABIDEII-NYU_1,29223,1,6.41,1,,,,92,0,87,19,19
ABIDEII-NYU_1,29224,1,5.22,2,,109,95,107,0,139,11,19
ABIDEII-NYU_1,29225,2,6.664,1,1,128,136,114,0,,,
ABIDEII-NYU_1,29226,2,5.9,1,1,107,102,104,0,5,,
ABIDEII-NYU_1,29227,2,7.958,1,1,95,104,87,0,22,,
ABIDEII-NYU_1,29228,2,9.231,1,1,114,109,115,0,28,,
ABIDEII-NYU_1,29229,2,5.907,2,1,91,93,91,0,28,,
ABIDEII-NYU_1,29230,2,8.164,1,1,120,137,102,0,39,,
ABIDEII-NYU_1,29231,2,8.887,1,1,131,126,129,0,15,,
ABIDEII-NYU_1,29232,2,7.604,1,1,124,111,132,0,7,,
ABIDEII-NYU_1,29233,2,10.862,1,1,144,142,135,0,32,,
ABIDEII-NYU_1,29234,2,10.541,1,1,93,85,104,0,1,,
ABIDEII-NYU_1,29235,2,9.033,1,1,104,112,95,0,13,,
ABIDEII-NYU_1,29236,2,6.363,1,1,113,98,129,0,21,,
ABIDEII-NYU_1,29237,2,9.529,1,1,100,100,98,0,21,,
ABIDEII-NYU_1,29238,2,7.24,1,1,92,95,92,0,38,,
ABIDEII-NYU_1,29239,2,11.32,1,1,126,122,123,0,10,,
ABIDEII-NYU_1,29240,2,10.68,1,1,124,112,129,0,19,,
ABIDEII-NYU_1,29241,2,8.15,1,1,110,122,97,0,27,,
ABIDEII-NYU_1,29242,2,23.81,2,1,119,109,126,0,,,
ABIDEII-NYU_1,29243,2,11.34,1,1,119,114,120,0,43,,
ABIDEII-NYU_1,29244,2,8.57,1,1,131,142,112,0,33,,
ABIDEII-NYU_1,29245,2,9,1,1,127,134,114,0,15,,
ABIDEII-NYU_1,29246,2,11.2,1,1,126,121,120,0,26,,
ABIDEII-NYU_1,29247,2,9.54,1,1,132,136,120,0,21,,
ABIDEII-NYU_1,29248,2,11.09,1,1,118,128,115,0,16,,
ABIDEII-NYU_1,29249,2,12.47,1,1,120,118,119,0,21,,
ABIDEII-NYU_1,29250,2,12.9,1,1,93,100,88,0,19,,
ABIDEII-NYU_1,29251,2,9.19,1,1,128,122,128,0,53,,
ABIDEII-NYU_1,29252,2,9.48,1,3,136,129,135,0,52,,
ABIDEII-NYU_1,29253,2,5.887,1,,92,99,101,0,17,,
ABIDEII-NYU_1,29254,2,7.109,1,1,108,126,92,0,24,,
ABIDEII-NYU_2,29150,1,6.05,1,3,90,83,99,0,47,,10
ABIDEII-NYU_2,29151,1,7.169,1,1,112,115,111,0,126,,20
ABIDEII-NYU_2,29152,1,8.014,1,1,122,116,128,0,63,,11
ABIDEII-NYU_2,29153,1,6.966,1,3,99,99,99,0,52,,15
ABIDEII-NYU_2,29154,1,8.451,1,1,82,83,78,0,96,,24
ABIDEII-NYU_2,29155,1,6.917,1,1,113,121,115,0,85,,13
ABIDEII-NYU_2,29156,1,8.156,1,2,110,106,116,0,105,,20
ABIDEII-NYU_2,29157,1,7.755,1,3,107,111,107,0,127,,28
ABIDEII-NYU_2,29158,1,7.09,1,1,143,153,137,0,79,,21
ABIDEII-NYU_2,29159,1,6.56,1,2,101,107,113,0,89,,23
ABIDEII-NYU_2,29160,1,7.049,2,2,113,117,112,0,142,,17
ABIDEII-NYU_2,29161,1,5.603,1,1,94,111,94,0,69,,22
ABIDEII-NYU_2,29162,1,6.96,1,,106,122,108,1,94,,23
ABIDEII-NYU_2,29163,1,5.53,1,3,114,105,137,0,110,,20
ABIDEII-NYU_2,29164,1,6.194,1,3,83,84,85,1,109,,19
ABIDEII-NYU_2,29165,1,7.67,1,1,98,100,97,0,100,,17
ABIDEII-NYU_2,29166,1,6.167,1,1,99,94,98,0,111,,1
ABIDEII-NYU_2,29167,1,5.255,1,1,117,112,110,0,30,,13
ABIDEII-NYU_2,29168,1,7.275,1,2,101,106,89,1,100,,19
ABIDEII-NYU_2,29169,1,5.598,1,3,136,144,145,0,141,,20
ABIDEII-NYU_2,29170,1,5.128,1,1,111,115,103,0,89,,20
ABIDEII-NYU_2,29171,1,8.844,2,1,89,82,80,0,109,,27
ABIDEII-NYU_2,29172,1,7.75,1,1,114,105,121,0,96,14,19
ABIDEII-NYU_2,29173,1,5.819,2,,111,132,107,0,48,,3
ABIDEII-NYU_2,29174,1,5.295,1,3,118,130,118,0,104,,17
ABIDEII-NYU_2,29175,1,7.876,1,1,101,109,97,0,79,,17
ABIDEII-NYU_2,29176,1,5.951,1,1,111,129,84,0,81,,13
ABIDEII-OHSU_1,28920,1,14,1,3,114,,,0,69,,8
ABIDEII-OHSU_1,28924,1,12,1,1,122,,,1,35,,14
ABIDEII-OHSU_1,28925,1,9,1,1,121,,,0,99,,12
ABIDEII-OHSU_1,28926,1,11,1,1,110,,,0,91,,22
ABIDEII-OHSU_1,28927,1,13,1,1,84,,,0,153,,29
ABIDEII-OHSU_1,28930,1,13,1,1,90,,,0,133,,26
ABIDEII-OHSU_1,28931,1,13,1,1,110,,,0,82,,14
ABIDEII-OHSU_1,28933,1,13,1,1,119,,,0,75,,22
ABIDEII-OHSU_1,28934,1,7,2,1,78,,,0,,12,30
ABIDEII-OHSU_1,28935,1,12,1,1,113,,,0,81,,13
ABIDEII-OHSU_1,28936,1,9,1,1,87,,,0,,11,23
ABIDEII-OHSU_1,28937,1,14,1,1,104,,,0,116,,24
ABIDEII-OHSU_1,28938,1,15,1,1,122,,,0,142,,16
ABIDEII-OHSU_1,28939,1,11,1,1,116,,,0,48,,18
ABIDEII-OHSU_1,28940,1,7,1,1,122,,,0,,8,18
ABIDEII-OHSU_1,28941,1,14,1,1,130,,,0,103,,19
ABIDEII-OHSU_1,28942,1,15,2,1,128,,,0,92,,11
ABIDEII-OHSU_1,28949,1,10,1,1,118,,,0,87,,27
ABIDEII-OHSU_1,28952,1,12,1,1,72,,,0,82,,23
ABIDEII-OHSU_1,28957,1,15,1,1,102,,,0,76,,24
ABIDEII-OHSU_1,28958,1,12,1,1,111,,,0,74,,18
ABIDEII-OHSU_1,28962,1,10,2,1,110,,,0,149,,25
ABIDEII-OHSU_1,28963,1,10,1,1,114,,,1,103,,27
ABIDEII-OHSU_1,28964,1,14,1,1,128,,,0,122,,21
ABIDEII-OHSU_1,28966,1,13,1,1,94,,,0,81,,17
ABIDEII-OHSU_1,28967,1,13,1,1,92,,,0,84,,15
ABIDEII-OHSU_1,28968,1,8,2,2,92,,,1,70,,24
ABIDEII-OHSU_1,28972,1,14,1,1,78,,,0,100,,21
ABIDEII-OHSU_1,28982,1,11,1,1,116,,,0,99,,17
ABIDEII-OHSU_1,28986,1,14,1,1,104,,,1,,,23
ABIDEII-OHSU_1,28987,1,14,1,1,84,,,0,85,,27
ABIDEII-OHSU_1,28988,1,11,2,1,96,,,0,93,,10
ABIDEII-OHSU_1,28992,1,13,1,1,102,,,0,98,,21
ABIDEII-OHSU_1,28995,1,8,1,1,82,,,0,102,,16
ABIDEII-OHSU_1,28997,1,12,2,1,122,,,0,151,,12
ABIDEII-OHSU_1,28998,1,9,1,1,136,,,0,119,,17
ABIDEII-OHSU_1,30156,1,12,2,1,98,,,1,82,,21
ABIDEII-OHSU_1,28943,2,11,2,1,117,,,0,,,
ABIDEII-OHSU_1,28944,2,10,2,1,120,,,0,2,,
ABIDEII-OHSU_1,28945,2,11,2,1,111,,,0,24,,
ABIDEII-OHSU_1,28946,2,9,2,1,126,,,0,18,,
ABIDEII-OHSU_1,28947,2,10,2,1,94,,,0,26,,
ABIDEII-OHSU_1,28948,2,12,1,1,132,,,0,14,,
ABIDEII-OHSU_1,28950,2,10,2,1,132,,,0,84,,
ABIDEII-OHSU_1,28951,2,13,1,1,100,,,0,12,,
ABIDEII-OHSU_1,28953,2,10,2,1,98,,,0,8,,
ABIDEII-OHSU_1,28954,2,13,2,1,113,,,0,40,,
ABIDEII-OHSU_1,28955,2,10,1,1,120,,,0,5,,
ABIDEII-OHSU_1,28956,2,9,1,1,123,,,0,26,,
ABIDEII-OHSU_1,28960,2,11,1,1,104,,,0,12,,
ABIDEII-OHSU_1,28961,2,9,1,1,124,,,0,22,,
ABIDEII-OHSU_1,28965,2,9,1,3,120,,,0,23,,
ABIDEII-OHSU_1,28969,2,9,1,1,108,,,0,7,,
ABIDEII-OHSU_1,28970,2,8,1,1,98,,,0,18,,
ABIDEII-OHSU_1,28971,2,9,2,1,96,,,0,37,,
ABIDEII-OHSU_1,28973,2,9,2,1,120,,,0,18,,
ABIDEII-OHSU_1,28974,2,12,1,1,130,,,0,,,
ABIDEII-OHSU_1,28975,2,10,1,1,128,,,0,,,
ABIDEII-OHSU_1,28976,2,11,2,1,130,,,0,36,,
ABIDEII-OHSU_1,28977,2,9,2,1,129,,,0,33,,
ABIDEII-OHSU_1,28978,2,8,1,1,130,,,0,15,,
ABIDEII-OHSU_1,28979,2,9,1,1,119,,,1,16,,
ABIDEII-OHSU_1,28980,2,8,2,1,90,,,0,15,,
ABIDEII-OHSU_1,28981,2,11,1,1,116,,,0,14,,
ABIDEII-OHSU_1,28983,2,8,1,1,128,,,1,19,,
ABIDEII-OHSU_1,28984,2,9,1,1,120,,,1,38,,
ABIDEII-OHSU_1,28985,2,12,1,1,125,,,0,,,
ABIDEII-OHSU_1,28989,2,12,1,1,132,,,0,51,,
ABIDEII-OHSU_1,28990,2,8,1,1,134,,,0,,,
ABIDEII-OHSU_1,28991,2,12,2,1,104,,,0,,,
ABIDEII-OHSU_1,28993,2,10,1,1,116,,,0,1,,
ABIDEII-OHSU_1,28994,2,11,2,1,122,,,0,44,,
ABIDEII-OHSU_1,28996,2,11,1,1,112,,,0,31,,
ABIDEII-OHSU_1,28999,2,10,1,1,118,,,0,67,,
ABIDEII-OHSU_1,29000,2,10,2,1,114,,,0,11,,
ABIDEII-OHSU_1,29001,2,9,2,1,115,,,0,,,
ABIDEII-OHSU_1,29002,2,14,1,1,126,,,0,8,,
ABIDEII-OHSU_1,29003,2,12,1,1,110,,,0,,,
ABIDEII-OHSU_1,29004,2,13,2,1,112,,,0,,,
ABIDEII-OHSU_1,29005,2,10,2,1,140,,,0,,,
ABIDEII-OHSU_1,30154,2,13,2,1,113,,,0,17,,
ABIDEII-OHSU_1,30155,2,9,1,1,134,,,0,20,,
ABIDEII-OHSU_1,30157,2,11,2,1,128,,,0,50,,
ABIDEII-OHSU_1,30158,2,8,2,1,104,,,0,11,,
ABIDEII-OHSU_1,30159,2,13,1,1,106,,,0,9,,
ABIDEII-OHSU_1,30160,2,11,1,1,114,,,0,19,,
ABIDEII-OHSU_1,30161,2,10,2,1,134,,,0,19,,
ABIDEII-OHSU_1,30162,2,11,2,1,106,,,0,7,,
ABIDEII-OHSU_1,30163,2,8,2,1,136,,,0,13,,
ABIDEII-OHSU_1,30164,2,10,2,1,115,,,0,24,,
ABIDEII-OHSU_1,30165,2,12,2,1,120,,,0,5,,
ABIDEII-OHSU_1,30166,2,10,2,1,112,,,0,29,,
ABIDEII-OHSU_1,30167,2,14,2,1,100,,,0,13,,
ABIDEII-OILH_2,28675,1,21,1,1,114,,,0,,8,
ABIDEII-OILH_2,28676,1,21,1,1,109,,,0,,11,
ABIDEII-OILH_2,28677,1,24,1,1,126,,,0,,6,
ABIDEII-OILH_2,28678,1,24,2,3,146,,,0,,7,
ABIDEII-OILH_2,28679,1,20,1,1,126,,,1,,12,28
ABIDEII-OILH_2,28680,1,23,2,1,135,,,1,,10,29
ABIDEII-OILH_2,28681,1,18,1,2,117,,,0,,10,
ABIDEII-OILH_2,28682,1,19,1,1,112,,,0,,14,26
ABIDEII-OILH_2,28683,1,28,1,1,120,,,0,,10,22
ABIDEII-OILH_2,28684,1,19,1,1,129,,,0,,11,26
ABIDEII-OILH_2,28685,1,27,2,2,80,,,1,,14,29
ABIDEII-OILH_2,28686,1,21,1,1,103,,,0,,11,28
ABIDEII-OILH_2,28687,1,18,1,3,91,,,0,,7,
ABIDEII-OILH_2,28688,1,24,1,1,100,,,1,,7,
ABIDEII-OILH_2,28689,1,18,1,1,112,,,0,,8,
ABIDEII-OILH_2,28690,1,25,1,3,112,,,1,,9,30
ABIDEII-OILH_2,28691,1,18,1,2,120,,,1,,9,27
ABIDEII-OILH_2,28692,1,19,1,1,103,,,1,,11,23
ABIDEII-OILH_2,28693,1,24,2,2,135,,,0,,8,11
ABIDEII-OILH_2,28694,1,19,1,1,135,,,0,,7,
ABIDEII-OILH_2,28695,1,18,1,1,86,,,0,,9,
ABIDEII-OILH_2,28696,1,19,1,1,103,,,0,,10,
ABIDEII-OILH_2,28697,1,25,1,3,114,,,0,,11,
ABIDEII-OILH_2,28718,1,31,1,1,109,,,0,,,
ABIDEII-OILH_2,28698,2,29,1,1,106,,,0,,4,
ABIDEII-OILH_2,28699,2,19,2,1,146,,,0,,5,
ABIDEII-OILH_2,28700,2,20,2,1,106,,,0,,2,
ABIDEII-OILH_2,28701,2,19,1,1,106,,,0,,2,
ABIDEII-OILH_2,28702,2,26,1,1,103,,,0,,2,
ABIDEII-OILH_2,28703,2,28,2,1,97,,,0,,4,
ABIDEII-OILH_2,28704,2,29,1,1,112,,,0,,0,
ABIDEII-OILH_2,28705,2,26,1,1,132,,,0,,1,
ABIDEII-OILH_2,28706,2,26,2,1,100,,,0,,2,
ABIDEII-OILH_2,28707,2,23,1,1,117,,,0,,2,
ABIDEII-OILH_2,28708,2,23,2,1,117,,,0,,2,
ABIDEII-OILH_2,28709,2,25,1,1,106,,,0,,2,
ABIDEII-OILH_2,28710,2,23,2,1,109,,,0,,1,
ABIDEII-OILH_2,28711,2,22,2,1,103,,,0,,3,
ABIDEII-OILH_2,28712,2,20,1,1,103,,,0,,3,
ABIDEII-OILH_2,28713,2,18,2,1,106,,,0,,2,
ABIDEII-OILH_2,28714,2,22,2,1,100,,,0,,3,
ABIDEII-OILH_2,28715,2,23,1,1,94,,,0,,4,
ABIDEII-OILH_2,28716,2,27,2,1,94,,,0,,3,
ABIDEII-OILH_2,28717,2,19,1,1,94,,,0,,0,
ABIDEII-OILH_2,28719,2,26,2,1,117,,,0,,3,
ABIDEII-OILH_2,28720,2,30,1,1,114,,,0,,2,
ABIDEII-OILH_2,28721,2,28,1,3,138,,,0,,3,
ABIDEII-OILH_2,28722,2,30,2,1,106,,,0,,4,
ABIDEII-OILH_2,28723,2,26,1,1,120,,,0,,2,
ABIDEII-OILH_2,28724,2,24,2,1,85,,,0,,0,
ABIDEII-OILH_2,28725,2,29,1,1,112,,,0,,3,
ABIDEII-OILH_2,28726,2,20,1,3,120,,,0,,5,
ABIDEII-OILH_2,28727,2,21,1,1,114,,,0,,1,
ABIDEII-OILH_2,28728,2,21,1,1,123,,,0,,2,
ABIDEII-OILH_2,28729,2,28,1,1,112,,,0,,0,
ABIDEII-OILH_2,28730,2,24,2,1,117,,,0,,1,
ABIDEII-OILH_2,28731,2,26,2,1,129,,,0,,0,
ABIDEII-OILH_2,28732,2,22,1,1,114,,,0,,1,
ABIDEII-OILH_2,28733,2,19,1,3,120,,,0,,0,
ABIDEII-SDSU_1,28853,1,10.9,1,1,96,79,115,1,118,,21
ABIDEII-SDSU_1,28855,1,13.4,1,1,77,74,84,1,147,,28
ABIDEII-SDSU_1,28856,1,7.6,1,1,,,117,0,,,27
ABIDEII-SDSU_1,28857,1,10.5,1,3,85,76,98,0,97,,20
ABIDEII-SDSU_1,28859,1,10.4,1,1,90,86,97,0,63,,26
ABIDEII-SDSU_1,28860,1,10.8,1,1,81,70,96,0,102,,22
ABIDEII-SDSU_1,28861,1,17,1,2,112,118,103,1,144,,21
ABIDEII-SDSU_1,28864,1,17.8,1,1,105,106,102,1,59,,17
ABIDEII-SDSU_1,28865,1,14.1,1,1,109,127,88,1,100,,16
ABIDEII-SDSU_1,28866,1,17.7,1,1,99,105,92,0,105,,20
ABIDEII-SDSU_1,28869,1,9.2,2,1,94,95,94,0,102,,19
ABIDEII-SDSU_1,28871,1,18,2,1,88,99,80,1,100,,18
ABIDEII-SDSU_1,28872,1,13.5,1,2,105,101,109,0,98,,16
ABIDEII-SDSU_1,28873,1,14,2,2,119,110,123,0,79,,23
ABIDEII-SDSU_1,28874,1,17.2,1,1,108,116,97,1,95,,13
ABIDEII-SDSU_1,28875,1,9.1,1,1,105,110,99,0,81,,17
ABIDEII-SDSU_1,28876,1,15.5,2,1,66,81,53,0,100,,21
ABIDEII-SDSU_1,28879,1,9.6,1,1,95,75,118,1,95,,24
ABIDEII-SDSU_1,28884,1,11.9,1,1,123,108,136,1,146,,19
ABIDEII-SDSU_1,28885,1,16.8,2,1,105,95,114,0,92,,21
ABIDEII-SDSU_1,28887,1,7.4,1,1,110,116,102,1,101,,13
ABIDEII-SDSU_1,28890,1,15.2,1,3,80,75,90,1,114,,24
ABIDEII-SDSU_1,28896,1,11,1,2,81,81,86,0,88,,14
ABIDEII-SDSU_1,28897,1,16.6,1,1,91,95,89,1,113,,13
ABIDEII-SDSU_1,28898,1,13.7,1,1,102,94,110,0,104,,18
ABIDEII-SDSU_1,28899,1,12.1,1,1,108,95,120,0,92,,13
ABIDEII-SDSU_1,28901,1,9.7,1,1,130,112,145,0,126,,23
ABIDEII-SDSU_1,28903,1,10.5,2,1,123,105,140,0,107,,18
ABIDEII-SDSU_1,28905,1,8,1,1,115,123,102,0,162,,20
ABIDEII-SDSU_1,28906,1,17.5,1,1,105,98,112,1,67,,13
ABIDEII-SDSU_1,28907,1,13.4,2,1,89,91,90,0,72,,20
ABIDEII-SDSU_1,28908,1,14.4,1,1,94,90,100,1,100,,14
ABIDEII-SDSU_1,28909,1,10.9,1,1,104,105,101,0,111,,16
ABIDEII-SDSU_1,28852,2,9.9,1,,108,100,115,0,9,,
ABIDEII-SDSU_1,28854,2,11,1,1,111,104,118,0,24,,
ABIDEII-SDSU_1,28858,2,11,1,1,79,73,90,0,38,,
ABIDEII-SDSU_1,28862,2,11.2,1,1,88,96,83,0,13,,
ABIDEII-SDSU_1,28863,2,9.7,1,2,104,100,107,0,2,,
ABIDEII-SDSU_1,28867,2,15.3,1,1,109,111,105,0,4,,
ABIDEII-SDSU_1,28868,2,8.7,1,1,125,127,115,0,5,,
ABIDEII-SDSU_1,28870,2,11.3,1,1,105,116,92,0,26,,
ABIDEII-SDSU_1,28877,2,11.3,1,1,101,102,99,0,25,,
ABIDEII-SDSU_1,28878,2,17.6,1,3,106,100,111,0,28,,
ABIDEII-SDSU_1,28880,2,10.9,2,1,106,114,122,0,10,,
ABIDEII-SDSU_1,28881,2,8.1,1,1,118,110,123,0,15,,
ABIDEII-SDSU_1,28882,2,12.3,2,1,125,126,116,0,21,,
ABIDEII-SDSU_1,28883,2,16.2,1,1,100,109,92,0,20,,
ABIDEII-SDSU_1,28886,2,14,1,1,118,109,123,0,13,,
ABIDEII-SDSU_1,28888,2,17.6,1,1,108,111,104,0,13,,
ABIDEII-SDSU_1,28889,2,15,1,1,79,101,62,0,14,,
ABIDEII-SDSU_1,28891,2,14.4,1,3,101,103,98,0,26,,
ABIDEII-SDSU_1,28892,2,17.7,1,3,94,101,87,0,7,,
ABIDEII-SDSU_1,28893,2,17.6,1,1,99,105,92,0,6,,
ABIDEII-SDSU_1,28894,2,11.2,1,1,102,102,102,0,22,,
ABIDEII-SDSU_1,28895,2,13,1,1,91,99,85,0,32,,
ABIDEII-SDSU_1,28900,2,13,1,1,101,107,95,0,33,,
ABIDEII-SDSU_1,28902,2,17.1,1,1,101,101,101,0,36,,
ABIDEII-SDSU_1,28904,2,16.2,1,1,96,96,97,0,2,,
ABIDEII-SU_2,30174,1,12.3368,1,1,89,89,92,0,,16,
ABIDEII-SU_2,30178,1,10.1834,1,1,99,99,96,0,,7,
ABIDEII-SU_2,30176,1,10.668,1,1,125,136,108,1,,7,
ABIDEII-SU_2,30171,1,9.9254,1,1,93,105,84,0,,14,
ABIDEII-SU_2,30180,1,11.1205,1,1,108,102,114,0,,13,
ABIDEII-SU_2,30179,1,9.8049,1,1,110,119,100,1,,11,
ABIDEII-SU_2,30175,1,11.3176,1,1,106,112,98,1,,12,
ABIDEII-SU_2,30181,1,12.3039,1,1,89,99,83,1,,9,
ABIDEII-SU_2,30182,1,11.3176,1,1,133,135,123,0,,9,
ABIDEII-SU_2,30168,1,11.5804,1,1,119,127,107,1,,14,
ABIDEII-SU_2,30173,1,8.4271,1,1,136,136,127,1,,7,
ABIDEII-SU_2,30183,1,10.794,1,1,128,121,128,0,,14,
ABIDEII-SU_2,30170,1,11.5859,1,1,108,112,101,0,,8,
ABIDEII-SU_2,30184,1,10.0739,1,1,137,133,132,1,,11,
ABIDEII-SU_2,30186,1,9.9637,1,1,136,131,133,1,,11,
ABIDEII-SU_2,30169,1,12.5175,1,1,108,104,110,1,,8,
ABIDEII-SU_2,30187,1,12.9911,1,1,101,80,127,1,,15,
ABIDEII-SU_2,30172,1,10.8843,1,1,115,113,112,0,,11,
ABIDEII-SU_2,30188,1,11.1615,1,1,95,94,97,0,,10,
ABIDEII-SU_2,30177,1,12.5448,2,1,99,93,104,0,,9,
ABIDEII-SU_2,30185,1,12.9884,2,1,113,105,119,1,,12,
ABIDEII-SU_2,30209,2,10.3477,2,1,151,153,137,0,,,
ABIDEII-SU_2,30204,2,12.0411,1,1,129,121,129,0,,,
ABIDEII-SU_2,30208,2,9.783,2,1,117,127,104,0,,,
ABIDEII-SU_2,30191,2,11.1697,1,1,125,114,131,0,,,
ABIDEII-SU_2,30205,2,9.063,1,1,109,106,109,0,,,
ABIDEII-SU_2,30202,2,11.323,1,3,102,106,98,0,,,
ABIDEII-SU_2,30207,2,9.1752,1,1,109,125,94,0,,,
ABIDEII-SU_2,30189,2,10.7529,1,1,95,96,95,0,,,
ABIDEII-SU_2,30201,2,12.3258,1,1,124,126,116,0,,,
ABIDEII-SU_2,30197,2,9.6379,1,1,95,81,109,0,,,
ABIDEII-SU_2,30199,2,11.8761,1,1,130,126,128,0,,,
ABIDEII-SU_2,30200,2,10.556,1,1,109,107,110,0,,,
ABIDEII-SU_2,30206,2,10.72,1,1,110,108,110,0,,,
ABIDEII-SU_2,30192,2,12.5777,1,1,117,123,107,0,,,
ABIDEII-SU_2,30203,2,12.6489,1,1,120,116,120,0,,,
ABIDEII-SU_2,30190,2,11.909,1,1,112,104,119,0,,,
ABIDEII-SU_2,30198,2,9.7721,1,3,132,137,119,0,,,
ABIDEII-SU_2,30194,2,8.5969,1,1,110,128,93,0,,,
ABIDEII-SU_2,30196,2,11.444,1,1,95,97,93,0,,,
ABIDEII-SU_2,30195,2,13.1916,1,1,120,126,110,0,,,
ABIDEII-SU_2,30193,2,11.1999,1,3,128,142,109,0,,,
ABIDEII-TCD_1,29096,1,15.5,1,1,98,103,93,0,143,7,18
ABIDEII-TCD_1,29097,1,13.5,1,1,87,88,89,0,132,10,18
ABIDEII-TCD_1,29098,1,10.25,1,1,115,119,108,0,89,8,13
ABIDEII-TCD_1,29099,1,10.75,1,1,123,127,112,0,106,8,22
ABIDEII-TCD_1,29100,1,18.75,1,1,99,99,97,0,104,7,24
ABIDEII-TCD_1,29101,1,14,1,1,103,99,105,0,67,7,17
ABIDEII-TCD_1,29102,1,13.75,1,1,86,77,99,0,126,7,21
ABIDEII-TCD_1,29103,1,14.75,1,1,108,108,105,0,118,7,11
ABIDEII-TCD_1,29104,1,19.25,1,1,119,129,98,0,99,16,22
ABIDEII-TCD_1,29105,1,19.25,1,1,119,120,114,0,86,12,19
ABIDEII-TCD_1,29106,1,17.75,1,1,79,96,66,0,73,10,19
ABIDEII-TCD_1,29107,1,18.5,1,1,83,85,86,0,113,7,14
ABIDEII-TCD_1,29108,1,14,1,1,117,125,106,0,92,7,15
ABIDEII-TCD_1,29109,1,12.5,1,1,114,114,109,0,95,9,16
ABIDEII-TCD_1,29110,1,12.25,1,1,107,91,125,0,136,10,19
ABIDEII-TCD_1,29111,1,14,1,1,122,118,120,0,76,7,11
ABIDEII-TCD_1,29112,1,10.75,1,1,139,124,145,0,69,10,18
ABIDEII-TCD_1,29113,1,12.75,1,1,120,112,125,0,105,11,18
ABIDEII-TCD_1,29114,1,18.75,1,1,119,122,111,0,65,7,14
ABIDEII-TCD_1,29115,1,19.5,1,1,107,111,101,0,93,7,16
ABIDEII-TCD_1,29116,1,10,1,1,115,111,116,0,69,7,15
ABIDEII-TCD_1,29117,2,19.25,1,1,117,120,109,0,5,,
ABIDEII-TCD_1,29118,2,12,1,1,128,137,114,0,5,,
ABIDEII-TCD_1,29119,2,12.5,1,1,130,126,128,0,3,,
ABIDEII-TCD_1,29120,2,15.25,1,1,142,143,131,0,15,,
ABIDEII-TCD_1,29121,2,15.5,1,1,123,132,109,0,3,,
ABIDEII-TCD_1,29122,2,14.25,1,1,132,139,118,0,8,,
ABIDEII-TCD_1,29123,2,13.5,1,1,99,104,94,0,26,,
ABIDEII-TCD_1,29124,2,15,1,1,119,121,112,0,50,,
ABIDEII-TCD_1,29125,2,13,1,1,127,120,127,0,14,,
ABIDEII-TCD_1,29126,2,10.25,1,1,129,122,129,0,11,,
ABIDEII-TCD_1,29127,2,19.75,1,1,127,119,128,0,10,,
ABIDEII-TCD_1,29128,2,20,1,1,122,108,132,0,20,,
ABIDEII-TCD_1,29129,2,17.5,1,1,110,111,106,0,9,,
ABIDEII-TCD_1,29130,2,18.75,1,1,106,98,112,0,45,,
ABIDEII-TCD_1,29131,2,16,1,1,126,135,111,0,19,,
ABIDEII-TCD_1,29132,2,13.5,1,1,112,108,114,0,30,,
ABIDEII-TCD_1,29133,2,19.5,1,1,111,101,120,0,8,,
ABIDEII-TCD_1,29134,2,11,1,1,116,114,115,0,45,,
ABIDEII-TCD_1,29135,2,18.75,1,1,120,126,110,0,29,,
ABIDEII-TCD_1,29136,2,19,1,1,111,100,121,0,32,,
ABIDEII-TCD_1,29137,2,13.5,1,1,81,80,86,0,35,,
ABIDEII-UCD_1,29999,1,14.33333333,2,1,97,85,109,1,75,,
ABIDEII-UCD_1,30000,1,17.33333333,1,1,116,112,117,1,103,,
ABIDEII-UCD_1,30001,1,13.75,2,1,110,118,100,1,17,8,
ABIDEII-UCD_1,30002,1,12.08333333,1,1,100,76,125,1,104,,
ABIDEII-UCD_1,30003,1,12.66666667,1,1,98,85,112,0,63,,
ABIDEII-UCD_1,30005,1,12.08333333,1,1,113,121,100,0,121,,
ABIDEII-UCD_1,30010,1,17.41666667,1,1,120,125,109,0,97,,
ABIDEII-UCD_1,30011,1,12,1,1,111,98,123,0,114,,
ABIDEII-UCD_1,30013,1,13,1,1,93,99,89,0,86,,
ABIDEII-UCD_1,30014,1,15.58333333,1,1,110,106,112,0,99,,
ABIDEII-UCD_1,30016,1,16.5,1,3,94,90,100,0,106,,
ABIDEII-UCD_1,30017,1,13.83333333,1,1,100,93,108,1,101,,
ABIDEII-UCD_1,30018,1,17.83333333,1,1,83,85,86,0,52,,
ABIDEII-UCD_1,30019,1,14.66666667,1,1,103,101,104,0,99,,
ABIDEII-UCD_1,30021,1,16.5,2,1,105,118,90,0,25,,
ABIDEII-UCD_1,30026,1,16.83333333,2,1,86,95,82,1,119,,
ABIDEII-UCD_1,30027,1,14.66666667,1,1,130,128,123,0,104,,
ABIDEII-UCD_1,30028,1,14.5,1,1,92,85,100,0,89,,
ABIDEII-UCD_1,29997,2,13.16666667,2,1,120,114,121,0,6,,
ABIDEII-UCD_1,29998,2,16.33333333,2,1,122,120,118,0,23,,
ABIDEII-UCD_1,30004,2,16.33333333,1,1,109,119,97,0,9,,
ABIDEII-UCD_1,30006,2,13.91666667,2,1,127,124,122,1,4,,
ABIDEII-UCD_1,30007,2,17.16666667,1,1,116,113,115,0,13,,
ABIDEII-UCD_1,30008,2,13.83333333,2,1,92,91,96,0,6,,
ABIDEII-UCD_1,30009,2,17.16666667,1,1,108,112,102,1,5,,
ABIDEII-UCD_1,30012,2,15.41666667,1,1,119,123,110,0,6,,
ABIDEII-UCD_1,30015,2,15.58333333,1,1,128,123,127,0,5,,
ABIDEII-UCD_1,30020,2,16.16666667,1,1,127,114,135,0,7,,
ABIDEII-UCD_1,30022,2,12.25,1,1,102,98,105,0,36,,
ABIDEII-UCD_1,30023,2,12.25,1,1,104,114,92,0,10,,
ABIDEII-UCD_1,30024,2,14.08333333,1,1,105,108,100,0,21,,
ABIDEII-UCD_1,30029,2,13.58333333,1,1,103,96,109,0,15,,
ABIDEII-UCLA_1,29728,1,11.66666667,1,1,79,84,81,0,,12,
ABIDEII-UCLA_1,29729,1,12.83333333,1,1,78,66,96,1,,16,
ABIDEII-UCLA_1,29730,1,14.66666667,1,1,95,90,101,1,,14,
ABIDEII-UCLA_1,29731,1,11.86,1,1,112,119,103,0,,12,
ABIDEII-UCLA_1,29732,1,11.55,1,1,101,95,110,1,,15,
ABIDEII-UCLA_1,29733,1,13.79,1,1,98,109,87,1,,13,
ABIDEII-UCLA_1,29734,1,13.08,1,2,83,84,86,0,,15,
ABIDEII-UCLA_1,29735,1,13.815,1,1,118,110,122,1,,13,
ABIDEII-UCLA_1,29736,1,15.03,1,1,93,97,92,0,,,
ABIDEII-UCLA_1,29737,1,11.70157426,1,1,110,119,108,1,,,
ABIDEII-UCLA_1,29738,1,12.29021218,1,1,106,95,116,1,,13,
ABIDEII-UCLA_1,29739,1,9.66,1,1,118,126,104,0,,,
ABIDEII-UCLA_1,29740,1,9.28678987,1,1,99,,,0,,7,
ABIDEII-UCLA_1,29741,1,8.31211499,1,1,107,91,112,0,,12,
ABIDEII-UCLA_1,29742,1,9.49486653,1,2,112,113,109,0,,,
ABIDEII-UCLA_1,29743,1,7.750855578,2,1,124,126,139,0,,,
ABIDEII-UCLA_1,29744,2,9.083333333,1,1,98,89,108,0,,,
ABIDEII-UCLA_1,29745,2,9.270362765,1,1,128,130,119,0,,,
ABIDEII-UCLA_1,29746,2,9,2,1,141,136,138,0,,,
ABIDEII-UCLA_1,29747,2,8.583333333,2,1,123,107,137,0,,,
ABIDEII-UCLA_1,29748,2,7.764544832,2,1,94,98,92,0,,,
ABIDEII-UCLA_1,29749,2,7.764544832,1,3,100,93,106,0,,,
ABIDEII-UCLA_1,29750,2,8.583333333,1,1,108,108,105,1,,,
ABIDEII-UCLA_1,29751,2,8.416666667,1,1,124,124,118,0,,,
ABIDEII-UCLA_1,29752,2,9.015742642,1,1,,,,0,,,
ABIDEII-UCLA_1,29753,2,9.25,1,1,109,110,107,0,,,
ABIDEII-UCLA_1,29754,2,8.083333333,2,1,120,114,120,0,,,
ABIDEII-UCLA_1,29755,2,8.333333333,1,2,,,,0,,,
ABIDEII-UCLA_1,29756,2,12.97,2,1,121,114,124,0,,,
ABIDEII-UCLA_1,29757,2,14.09,1,1,123,112,129,0,,,
ABIDEII-UCLA_1,29758,2,13.86447639,1,1,96,106,88,0,,,
ABIDEII-UCLA_1,29759,2,11.50718686,1,1,118,126,107,0,,,
ABIDEII-U_MIA_1,30229,1,9.11,1,1,78,72,95,,,,
ABIDEII-U_MIA_1,30230,1,11.1,1,3,142,116,148,,,,
ABIDEII-U_MIA_1,30231,2,14.2,2,1,107,98,104,,,,
ABIDEII-U_MIA_1,30232,2,12.9,1,1,113,113,105,,,,
ABIDEII-U_MIA_1,30233,1,14.3,1,1,,98,88,,,,
ABIDEII-U_MIA_1,30234,1,8.8,1,1,72,76,71,,,,
ABIDEII-U_MIA_1,30235,2,10.2,2,1,144,131,149,,,,
ABIDEII-U_MIA_1,30236,2,8.1,1,1,125,112,134,,,,
ABIDEII-U_MIA_1,30237,1,10.3,1,1,99,87,112,,,,
ABIDEII-U_MIA_1,30238,1,7.4,1,1,79,95,75,,,,
ABIDEII-U_MIA_1,30239,1,9.2,1,1,107,108,110,,,,
ABIDEII-U_MIA_1,30240,2,9.7,1,1,131,141,118,,,,
ABIDEII-U_MIA_1,30241,2,8,1,1,104,96,106,,,,
ABIDEII-U_MIA_1,30242,2,9.1,2,1,129,118,130,,,,
ABIDEII-U_MIA_1,30243,1,9.3,2,1,99,83,119,,,,
ABIDEII-U_MIA_1,30244,2,9.5,1,1,98,96,112,,,,
ABIDEII-U_MIA_1,30245,1,12.1,1,1,89,73,80,,,,
ABIDEII-U_MIA_1,30246,2,7.6,1,1,105,103,97,,,,
ABIDEII-U_MIA_1,30247,1,11.5,1,1,99,94,112,,,,
ABIDEII-U_MIA_1,30248,1,7.3,1,1,109,114,111,,,,
ABIDEII-U_MIA_1,30249,2,12.4,1,1,132,118,124,,,,
ABIDEII-U_MIA_1,30250,2,10.1,1,1,113,112,102,,,,
ABIDEII-U_MIA_1,30251,1,10,1,1,122,149,107,,,,
ABIDEII-U_MIA_1,30252,2,11.3,1,1,125,116,118,,,,
ABIDEII-U_MIA_1,30253,2,7.6,2,1,107,105,97,,,,
ABIDEII-U_MIA_1,30254,1,8.3,2,1,115,103,110,,,,
ABIDEII-U_MIA_1,30255,2,7.1,1,1,90,110,66,,,,
ABIDEII-U_MIA_1,30256,2,8.3,1,1,115,114,114,,,,
ABIDEII-USM_1,29495,1,19.7235,1,1,,,118,1,,20,
ABIDEII-USM_1,29497,1,22.1656,1,1,134,127,123,0,110,11,
ABIDEII-USM_1,29498,1,17.473,1,1,90,103,97,1,108,17,
ABIDEII-USM_1,29500,1,38.8583,1,1,120,109,117,1,122,9,
ABIDEII-USM_1,29502,1,14.7132,1,1,,,128,1,113,12,
ABIDEII-USM_1,29503,1,14.705,1,1,73,87,74,1,76,23,
ABIDEII-USM_1,29506,1,16.2639,1,1,,,114,1,79,7,
ABIDEII-USM_1,29507,1,13.5524,1,3,,,83,1,90,23,
ABIDEII-USM_1,29508,1,15.7618,1,1,114,113,101,1,91,12,
ABIDEII-USM_1,29509,1,16.3669,1,1,73,84,76,0,78,14,
ABIDEII-USM_1,29510,1,11.1595,1,1,,,102,0,76,15,
ABIDEII-USM_1,29511,1,14.5544,1,3,80,79,78,0,113,16,
ABIDEII-USM_1,29514,1,9.1198,1,1,87,104,98,1,153,,
ABIDEII-USM_1,29515,1,15.0938,1,1,122,113,120,0,131,,
ABIDEII-USM_1,29516,1,23.332,1,1,102,95,99,,44,,
ABIDEII-USM_1,29521,1,20.6078,2,,96,94,95,,,,
ABIDEII-USM_1,29522,1,27.77,2,,101,87,95,,,,
ABIDEII-USM_1,29496,2,34.8227,1,3,127,132,133,0,7,2,
ABIDEII-USM_1,29499,2,18.5818,1,1,118,119,120,,18,0,
ABIDEII-USM_1,29501,2,27.3812,1,1,102,104,103,0,24,1,
ABIDEII-USM_1,29504,2,24.2611,1,1,128,114,124,0,8,0,
ABIDEII-USM_1,29505,2,13.5496,1,1,105,118,112,0,12,2,
ABIDEII-USM_1,29512,2,30.705,1,1,116,134,128,0,7,0,
ABIDEII-USM_1,29513,2,18.5517,1,1,108,106,108,,47,7,
ABIDEII-USM_1,29517,2,22.1793,2,1,99,113,105,,,2,
ABIDEII-USM_1,29518,2,28.8241,2,1,144,130,143,,,,
ABIDEII-USM_1,29519,2,22.0561,2,,115,127,122,,,,
ABIDEII-USM_1,29520,2,27.4114,1,,143,136,145,,,,
ABIDEII-USM_1,29523,2,36.1451,1,,115,119,118,0,2,0,
ABIDEII-USM_1,29524,2,11.7892,1,,99,99,99,0,,,
ABIDEII-USM_1,29525,2,23.2909,1,1,123,107,117,,,0,
ABIDEII-USM_1,29526,2,32.6242,1,,86,84,84,,,0,
ABIDEII-USM_1,29527,2,11.4962,1,,,,,,,,
