feature_1,feature_2,target
37.683,22.204,49.858
52.671,22.472,70.178
49.931,18.932,53.996
55.015,17.864,49.913
36.733,25.744,62.974
61.078,24.266,72.98
50.938,27.163,62.049
38.292,25.061,54.549
36.418,21.292,57.374
36.934,17.754,44.21
42.824,18.287,47.953
61.856,17.027,58.319
58.945,20.326,69.644
44.56,21.046,47.407
44.534,25.833,63.859
69.296,26.738,78.629
59.028,19.91,64.587
41.966,21.95,58.476
48.503,14.122,48.013
45.697,16.612,52.513
51.515,14.569,52.455
58.791,20.634,70.107
47.251,17.309,40.561
53.693,16.13,53.23
55.683,19.854,60.844
57.835,10.626,42.277
43.696,19.511,59.617
47.782,22.266,61.809
69.724,26.163,69.667
48.14,14.11,46.845
50.299,17.818,58.105
54.409,9.704,46.36
44.227,26.59,59.797
46.103,18.941,56.804
66.782,21.068,70.815
62.965,12.302,50.28
38.966,18.631,48.134
50.652,16.82,60.077
37.106,13.786,47.161
34.683,13.955,35.531
50.027,15.064,47.884
65.246,15.458,67.504
49.182,11.006,47.68
64.702,26.364,75.877
39.431,19.603,49.498
51.363,20.301,60.127
50.809,20.223,63.231
50.862,18.352,44.768
59.934,19.067,66.803
55.734,22.132,59.927
44.51,18.032,45.525
36.487,25.695,54.611
44.462,18.28,46.911
49.794,25.103,60.065
44.493,14.822,47.641
34.749,20.775,47.816
32.364,22.775,56.094
58.113,25.903,63.594
52.564,26.036,71.848
44.144,14.552,40.968
