age,sex,site
8.893151,2,ABIDEII-KKI_1
12.000000,2,ABIDEII-OHSU_1
8.390000,1,ABIDEII-GU_1
8.300000,1,ABIDEII-NYU_1
7.772758,2,ABIDEII-EMC_1
8.270000,1,ABIDEII-NYU_1
18.750000,1,ABIDEII-TCD_1
22.000000,1,ABIDEII-BNI_1
13.249315,2,ABIDEII-GU_1
12.900000,1,ABIDEII-NYU_1
12.068493,2,ABIDEII-GU_1
12.558904,1,ABIDEII-KKI_1
10.810959,1,ABIDEII-KKI_1
7.090000,1,ABIDEII-NYU_2
12.558904,1,ABIDEII-GU_1
10.019178,1,ABIDEII-KKI_1
21.000000,1,ABIDEII-BNI_1
6.499658,1,ABIDEII-EMC_1
10.000000,1,ABIDEII-OHSU_1
13.076712,1,ABIDEII-GU_1
12.605479,1,ABIDEII-KKI_1
10.663014,2,ABIDEII-GU_1
10.640000,1,ABIDEII-NYU_1
51.000000,1,ABIDEII-BNI_1
20.000000,1,ABIDEII-IU_1
16.366900,1,ABIDEII-USM_1
5.960000,1,ABIDEII-NYU_1
28.083333,1,ABIDEII-ETH_1
11.900000,1,ABIDEII-SDSU_1
15.300000,1,ABIDEII-SDSU_1
15.416667,1,ABIDEII-UCD_1
10.413699,2,ABIDEII-KKI_1
25.083333,1,ABIDEII-ETH_1
25.240000,1,ABIDEII-IP_1
10.290411,1,ABIDEII-GU_1
28.000000,1,ABIDEII-IU_1
18.000000,1,ABIDEII-BNI_1
10.000000,2,ABIDEII-OHSU_1
12.369863,1,ABIDEII-KKI_1
10.597260,1,ABIDEII-KKI_1
7.750856,2,ABIDEII-UCLA_1
19.000000,1,ABIDEII-ONRC_2
12.083333,1,ABIDEII-UCD_1
11.298630,1,ABIDEII-KKI_1
55.000000,1,ABIDEII-BNI_1
10.000000,2,ABIDEII-OHSU_1
15.200000,2,ABIDEII-IP_1
11.468493,1,ABIDEII-GU_1
7.750000,1,ABIDEII-NYU_2
26.416667,1,ABIDEII-ETH_1
7.180000,1,ABIDEII-NYU_1
38.858300,1,ABIDEII-USM_1
11.986301,1,ABIDEII-GU_1
18.551700,1,ABIDEII-USM_1
8.810959,1,ABIDEII-KKI_1
11.666667,1,ABIDEII-UCLA_1
24.260000,1,ABIDEII-IP_1
8.451000,1,ABIDEII-NYU_2
17.473000,1,ABIDEII-USM_1
44.000000,1,ABIDEII-BNI_1
21.000000,1,ABIDEII-BNI_1
10.663929,1,ABIDEII-EMC_1
21.000000,1,ABIDEII-ONRC_2
25.000000,1,ABIDEII-KUL_3
12.300000,2,ABIDEII-SDSU_1
35.580000,1,ABIDEII-IP_1
9.000000,2,ABIDEII-OHSU_1
9.013005,1,ABIDEII-EMC_1
54.000000,2,ABIDEII-IU_1
7.170000,1,ABIDEII-NYU_1
14.000000,1,ABIDEII-OHSU_1
13.500000,1,ABIDEII-SDSU_1
21.666667,1,ABIDEII-ETH_1
43.000000,1,ABIDEII-BNI_1
12.164384,1,ABIDEII-KKI_1
9.232877,2,ABIDEII-KKI_1
17.000000,1,ABIDEII-SDSU_1
7.250000,1,ABIDEII-NYU_1
11.000000,1,ABIDEII-SDSU_1
9.665753,2,ABIDEII-KKI_1
12.912329,1,ABIDEII-GU_1
19.000000,1,ABIDEII-ONRC_2
11.000000,1,ABIDEII-OHSU_1
19.000000,1,ABIDEII-BNI_1
8.000000,2,ABIDEII-OHSU_1
24.000000,1,ABIDEII-KUL_3
5.530000,1,ABIDEII-NYU_2
18.000000,1,ABIDEII-ONRC_2
24.583333,1,ABIDEII-ETH_1
23.000000,1,ABIDEII-ONRC_2
18.000000,1,ABIDEII-KUL_3
11.657534,1,ABIDEII-KKI_1
8.000000,2,ABIDEII-OHSU_1
48.000000,1,ABIDEII-BNI_1
10.602740,2,ABIDEII-KKI_1
9.190000,1,ABIDEII-NYU_1
6.363000,1,ABIDEII-NYU_1
8.276523,1,ABIDEII-EMC_1
8.619178,1,ABIDEII-KKI_1
47.000000,1,ABIDEII-BNI_1
8.854795,1,ABIDEII-KKI_1
5.928000,1,ABIDEII-NYU_1
7.047228,2,ABIDEII-EMC_1
10.000000,2,ABIDEII-OHSU_1
11.728767,2,ABIDEII-KKI_1
21.000000,1,ABIDEII-IU_1
9.100000,1,ABIDEII-SDSU_1
8.506849,2,ABIDEII-GU_1
11.024658,1,ABIDEII-KKI_1
8.820000,2,ABIDEII-NYU_1
12.250000,1,ABIDEII-UCD_1
12.024658,1,ABIDEII-KKI_1
8.646575,1,ABIDEII-KKI_1
8.542094,1,ABIDEII-EMC_1
11.010959,1,ABIDEII-KKI_1
10.500000,2,ABIDEII-SDSU_1
8.000000,1,ABIDEII-OHSU_1
9.208219,1,ABIDEII-KKI_1
11.446575,1,ABIDEII-KKI_1
13.500000,1,ABIDEII-TCD_1
9.983562,1,ABIDEII-GU_1
12.000000,1,ABIDEII-UCD_1
11.465753,1,ABIDEII-KKI_1
25.000000,1,ABIDEII-ONRC_2
9.273973,2,ABIDEII-GU_1
11.000000,2,ABIDEII-OHSU_1
10.805479,2,ABIDEII-GU_1
13.000000,1,ABIDEII-OHSU_1
12.531507,1,ABIDEII-GU_1
17.166667,1,ABIDEII-UCD_1
18.000000,1,ABIDEII-ONRC_2
10.900000,1,ABIDEII-SDSU_1
10.824658,1,ABIDEII-KKI_1
7.049000,2,ABIDEII-NYU_2
9.033000,1,ABIDEII-NYU_1
13.000000,1,ABIDEII-OHSU_1
17.500000,1,ABIDEII-SDSU_1
8.030000,1,ABIDEII-NYU_1
13.583333,1,ABIDEII-UCD_1
7.550992,2,ABIDEII-EMC_1
11.496200,1,ABIDEII-USM_1
11.484932,1,ABIDEII-GU_1
6.329911,1,ABIDEII-EMC_1
8.969863,1,ABIDEII-GU_1
13.000000,1,ABIDEII-SDSU_1
12.660274,1,ABIDEII-KKI_1
30.000000,1,ABIDEII-ONRC_2
8.837782,1,ABIDEII-EMC_1
9.167123,1,ABIDEII-KKI_1
7.760000,1,ABIDEII-NYU_1
12.701370,1,ABIDEII-KKI_1
10.967123,2,ABIDEII-KKI_1
11.852055,1,ABIDEII-KKI_1
9.975342,1,ABIDEII-GU_1
13.815000,1,ABIDEII-UCLA_1
10.109589,1,ABIDEII-KKI_1
9.558904,1,ABIDEII-KKI_1
8.000000,1,ABIDEII-OHSU_1
19.000000,1,ABIDEII-IU_1
13.790000,1,ABIDEII-UCLA_1
12.742466,2,ABIDEII-GU_1
6.050000,1,ABIDEII-NYU_2
14.000000,1,ABIDEII-OHSU_1
8.380561,1,ABIDEII-EMC_1
8.000000,1,ABIDEII-OHSU_1
23.290900,1,ABIDEII-USM_1
22.000000,1,ABIDEII-BNI_1
9.000000,2,ABIDEII-UCLA_1
14.500000,1,ABIDEII-UCD_1
11.159500,1,ABIDEII-USM_1
8.821918,2,ABIDEII-GU_1
7.275000,1,ABIDEII-NYU_2
19.000000,1,ABIDEII-KUL_3
9.391781,2,ABIDEII-KKI_1
12.000000,1,ABIDEII-OHSU_1
5.598000,1,ABIDEII-NYU_2
11.158904,2,ABIDEII-KKI_1
9.286790,1,ABIDEII-UCLA_1
12.000000,1,ABIDEII-OHSU_1
13.400000,2,ABIDEII-SDSU_1
9.000000,2,ABIDEII-OHSU_1
7.670000,1,ABIDEII-NYU_2
19.750000,1,ABIDEII-TCD_1
29.000000,1,ABIDEII-ETH_1
7.268994,1,ABIDEII-EMC_1
11.041096,1,ABIDEII-KKI_1
23.000000,1,ABIDEII-KUL_3
8.000000,2,ABIDEII-OHSU_1
9.394521,2,ABIDEII-GU_1
21.000000,1,ABIDEII-KUL_3
11.764384,2,ABIDEII-KKI_1
11.000000,1,ABIDEII-OHSU_1
10.000000,2,ABIDEII-OHSU_1
12.438356,1,ABIDEII-GU_1
17.600000,1,ABIDEII-SDSU_1
46.000000,1,ABIDEII-BNI_1
10.786301,2,ABIDEII-KKI_1
19.060000,2,ABIDEII-IP_1
12.490411,2,ABIDEII-GU_1
9.991781,1,ABIDEII-KKI_1
8.101300,1,ABIDEII-EMC_1
35.000000,1,ABIDEII-KUL_3
12.490000,1,ABIDEII-NYU_1
8.720055,1,ABIDEII-EMC_1
23.000000,2,ABIDEII-ONRC_2
29.850000,2,ABIDEII-IP_1
7.755000,1,ABIDEII-NYU_2
15.250000,1,ABIDEII-TCD_1
6.395619,2,ABIDEII-EMC_1
24.000000,1,ABIDEII-KUL_3
9.000000,1,ABIDEII-OHSU_1
11.912329,1,ABIDEII-GU_1
9.015743,1,ABIDEII-UCLA_1
12.789041,1,ABIDEII-KKI_1
13.690000,1,ABIDEII-IP_1
15.490000,1,ABIDEII-IP_1
21.000000,1,ABIDEII-IU_1
16.500000,1,ABIDEII-ETH_1
13.216438,2,ABIDEII-GU_1
6.051000,2,ABIDEII-IP_1
11.230137,1,ABIDEII-KKI_1
18.000000,1,ABIDEII-KUL_3
12.427397,1,ABIDEII-KKI_1
5.887000,1,ABIDEII-NYU_1
29.416667,1,ABIDEII-ETH_1
11.000000,2,ABIDEII-OHSU_1
19.250000,1,ABIDEII-ETH_1
8.920548,2,ABIDEII-KKI_1
10.295890,1,ABIDEII-KKI_1
13.750000,2,ABIDEII-UCD_1
56.000000,1,ABIDEII-BNI_1
5.295000,1,ABIDEII-NYU_2
11.490411,1,ABIDEII-GU_1
24.000000,2,ABIDEII-IU_1
10.353425,1,ABIDEII-KKI_1
8.375086,1,ABIDEII-EMC_1
8.556164,1,ABIDEII-KKI_1
9.000000,1,ABIDEII-OHSU_1
12.000000,1,ABIDEII-OHSU_1
12.670000,1,ABIDEII-GU_1
19.000000,1,ABIDEII-BNI_1
9.430137,2,ABIDEII-KKI_1
12.265753,1,ABIDEII-GU_1
11.073973,1,ABIDEII-KKI_1
22.179300,2,ABIDEII-USM_1
10.123288,1,ABIDEII-KKI_1
5.320000,1,ABIDEII-NYU_1
23.332000,1,ABIDEII-USM_1
10.780822,2,ABIDEII-KKI_1
9.996000,1,ABIDEII-IP_1
8.339726,1,ABIDEII-GU_1
5.128000,1,ABIDEII-NYU_2
8.068000,2,ABIDEII-IP_1
11.764384,1,ABIDEII-KKI_1
10.687671,1,ABIDEII-GU_1
13.500000,1,ABIDEII-TCD_1
6.550000,1,ABIDEII-NYU_1
25.000000,1,ABIDEII-BNI_1
14.666667,1,ABIDEII-UCD_1
7.000000,2,ABIDEII-OHSU_1
11.000000,1,ABIDEII-SDSU_1
28.000000,1,ABIDEII-ONRC_2
25.000000,1,ABIDEII-KUL_3
11.243836,1,ABIDEII-KKI_1
9.819178,2,ABIDEII-KKI_1
27.000000,2,ABIDEII-ONRC_2
8.158795,1,ABIDEII-EMC_1
8.638356,2,ABIDEII-KKI_1
20.000000,1,ABIDEII-KUL_3
13.000000,2,ABIDEII-OHSU_1
19.000000,1,ABIDEII-ONRC_2
14.000000,1,ABIDEII-OHSU_1
10.805479,2,ABIDEII-KKI_1
19.000000,1,ABIDEII-IU_1
14.000000,1,ABIDEII-OHSU_1
27.250000,1,ABIDEII-ETH_1
9.309589,1,ABIDEII-KKI_1
47.000000,1,ABIDEII-BNI_1
9.742466,2,ABIDEII-KKI_1
9.186301,1,ABIDEII-GU_1
11.169863,1,ABIDEII-KKI_1
21.000000,1,ABIDEII-ONRC_2
15.100000,1,ABIDEII-IP_1
7.170000,1,ABIDEII-NYU_1
19.666667,1,ABIDEII-ETH_1
9.860274,1,ABIDEII-KKI_1
12.605479,2,ABIDEII-KKI_1
43.000000,1,ABIDEII-BNI_1
9.083333,1,ABIDEII-UCLA_1
16.333333,2,ABIDEII-UCD_1
8.083333,2,ABIDEII-UCLA_1
5.255000,1,ABIDEII-NYU_2
13.000000,1,ABIDEII-OHSU_1
9.119800,1,ABIDEII-USM_1
8.610000,1,ABIDEII-NYU_1
16.200000,1,ABIDEII-SDSU_1
51.000000,1,ABIDEII-BNI_1
10.490000,1,ABIDEII-GU_1
12.657534,1,ABIDEII-KKI_1
8.150000,1,ABIDEII-NYU_1
9.282192,2,ABIDEII-KKI_1
48.000000,1,ABIDEII-BNI_1
8.871233,2,ABIDEII-GU_1
11.728767,1,ABIDEII-GU_1
8.147945,2,ABIDEII-KKI_1
22.520000,1,ABIDEII-IP_1
13.000000,1,ABIDEII-SDSU_1
6.874743,2,ABIDEII-EMC_1
19.000000,1,ABIDEII-BNI_1
7.906913,1,ABIDEII-EMC_1
11.761644,1,ABIDEII-GU_1
8.408219,1,ABIDEII-GU_1
11.608219,1,ABIDEII-GU_1
10.372603,1,ABIDEII-KKI_1
19.850000,2,ABIDEII-IP_1
10.890411,2,ABIDEII-GU_1
9.808219,1,ABIDEII-KKI_1
9.000000,2,ABIDEII-OHSU_1
11.438356,1,ABIDEII-GU_1
5.920000,1,ABIDEII-NYU_1
12.000000,1,ABIDEII-OHSU_1
11.300000,1,ABIDEII-SDSU_1
11.000000,1,ABIDEII-SDSU_1
8.517454,2,ABIDEII-EMC_1
8.153320,1,ABIDEII-EMC_1
8.898015,1,ABIDEII-EMC_1
34.000000,1,ABIDEII-IU_1
10.197260,2,ABIDEII-KKI_1
19.000000,1,ABIDEII-IU_1
15.030000,1,ABIDEII-UCLA_1
21.250000,1,ABIDEII-ETH_1
10.591781,2,ABIDEII-GU_1
15.000000,1,ABIDEII-OHSU_1
12.833333,1,ABIDEII-UCLA_1
10.900000,2,ABIDEII-SDSU_1
21.000000,1,ABIDEII-KUL_3
11.953425,1,ABIDEII-GU_1
9.374401,1,ABIDEII-EMC_1
7.455168,2,ABIDEII-EMC_1
10.400000,2,ABIDEII-KKI_1
14.000000,1,ABIDEII-OHSU_1
8.827397,2,ABIDEII-KKI_1
14.666667,1,ABIDEII-UCLA_1
7.764545,1,ABIDEII-UCLA_1
16.000000,1,ABIDEII-TCD_1
9.200000,2,ABIDEII-SDSU_1
46.430000,2,ABIDEII-IP_1
9.641096,1,ABIDEII-GU_1
54.000000,1,ABIDEII-BNI_1
8.123288,2,ABIDEII-GU_1
23.810000,2,ABIDEII-NYU_1
14.000000,1,ABIDEII-OHSU_1
16.570000,2,ABIDEII-IP_1
10.016438,1,ABIDEII-GU_1
8.139726,2,ABIDEII-GU_1
7.000000,1,ABIDEII-OHSU_1
8.164000,1,ABIDEII-NYU_1
10.501370,2,ABIDEII-GU_1
23.000000,2,ABIDEII-ONRC_2
21.000000,1,ABIDEII-IU_1
9.745205,2,ABIDEII-KKI_1
22.460000,1,ABIDEII-IP_1
8.416667,1,ABIDEII-UCLA_1
20.000000,1,ABIDEII-IU_1
11.000000,1,ABIDEII-OHSU_1
12.665753,1,ABIDEII-KKI_1
8.333333,1,ABIDEII-UCLA_1
8.912329,1,ABIDEII-GU_1
13.833333,1,ABIDEII-ETH_1
19.000000,1,ABIDEII-ONRC_2
11.147945,1,ABIDEII-KKI_1
8.115068,2,ABIDEII-KKI_1
18.000000,1,ABIDEII-KUL_3
9.224658,1,ABIDEII-GU_1
13.549600,1,ABIDEII-USM_1
10.871233,1,ABIDEII-GU_1
9.243836,2,ABIDEII-KKI_1
22.056100,2,ABIDEII-USM_1
18.500000,1,ABIDEII-TCD_1
7.989049,1,ABIDEII-EMC_1
12.000000,1,ABIDEII-TCD_1
17.166667,1,ABIDEII-UCD_1
9.000000,1,ABIDEII-OHSU_1
20.000000,1,ABIDEII-TCD_1
7.876000,1,ABIDEII-NYU_2
34.000000,1,ABIDEII-KUL_3
20.000000,1,ABIDEII-ONRC_2
16.166667,1,ABIDEII-UCD_1
11.216438,1,ABIDEII-KKI_1
24.261100,1,ABIDEII-USM_1
8.191650,1,ABIDEII-EMC_1
10.650240,1,ABIDEII-EMC_1
26.030000,1,ABIDEII-IP_1
8.000000,1,ABIDEII-SDSU_1
20.000000,1,ABIDEII-BNI_1
9.021918,1,ABIDEII-KKI_1
27.660000,2,ABIDEII-IP_1
8.641096,1,ABIDEII-GU_1
23.140000,2,ABIDEII-IP_1
21.000000,1,ABIDEII-BNI_1
11.950685,1,ABIDEII-KKI_1
7.537303,1,ABIDEII-EMC_1
9.558904,2,ABIDEII-GU_1
6.750000,2,ABIDEII-NYU_1
21.000000,1,ABIDEII-BNI_1
27.416667,1,ABIDEII-ETH_1
49.000000,1,ABIDEII-BNI_1
26.620000,1,ABIDEII-NYU_1
18.000000,1,ABIDEII-ONRC_2
12.666667,1,ABIDEII-UCD_1
27.360000,1,ABIDEII-IP_1
10.541000,1,ABIDEII-NYU_1
8.854795,1,ABIDEII-GU_1
12.250000,1,ABIDEII-TCD_1
11.027397,1,ABIDEII-KKI_1
46.000000,1,ABIDEII-BNI_1
7.680000,1,ABIDEII-NYU_1
12.991781,1,ABIDEII-KKI_1
19.520000,2,ABIDEII-IP_1
7.556000,1,ABIDEII-IP_1
16.500000,1,ABIDEII-UCD_1
9.632877,1,ABIDEII-KKI_1
18.916667,1,ABIDEII-ETH_1
10.854795,1,ABIDEII-KKI_1
9.390000,1,ABIDEII-NYU_1
24.000000,1,ABIDEII-IU_1
24.000000,1,ABIDEII-KUL_3
12.164384,1,ABIDEII-KKI_1
10.435616,1,ABIDEII-GU_1
15.500000,1,ABIDEII-TCD_1
19.000000,1,ABIDEII-BNI_1
18.000000,1,ABIDEII-KUL_3
14.000000,2,ABIDEII-OHSU_1
18.000000,1,ABIDEII-ETH_1
15.000000,1,ABIDEII-TCD_1
18.000000,2,ABIDEII-SDSU_1
12.065753,1,ABIDEII-GU_1
29.500000,1,ABIDEII-ETH_1
10.542466,1,ABIDEII-KKI_1
24.000000,2,ABIDEII-ONRC_2
14.713200,1,ABIDEII-USM_1
10.304110,1,ABIDEII-GU_1
8.170000,2,ABIDEII-IP_1
6.417000,1,ABIDEII-NYU_1
23.000000,2,ABIDEII-ONRC_2
22.000000,2,ABIDEII-IU_1
10.728767,2,ABIDEII-KKI_1
23.166667,1,ABIDEII-ETH_1
6.700000,1,ABIDEII-NYU_1
10.372603,1,ABIDEII-GU_1
8.030000,1,ABIDEII-NYU_1
9.270363,1,ABIDEII-UCLA_1
9.295890,1,ABIDEII-KKI_1
21.000000,1,ABIDEII-ONRC_2
17.700000,1,ABIDEII-SDSU_1
9.375342,1,ABIDEII-KKI_1
9.935661,1,ABIDEII-EMC_1
11.758904,1,ABIDEII-GU_1
11.095890,1,ABIDEII-KKI_1
8.471233,1,ABIDEII-KKI_1
9.000000,1,ABIDEII-OHSU_1
9.660000,1,ABIDEII-UCLA_1
13.700000,1,ABIDEII-SDSU_1
19.000000,2,ABIDEII-ONRC_2
8.279452,1,ABIDEII-GU_1
10.000000,1,ABIDEII-OHSU_1
36.145100,1,ABIDEII-USM_1
6.560000,1,ABIDEII-NYU_2
8.700000,1,ABIDEII-SDSU_1
10.087671,1,ABIDEII-KKI_1
15.761800,1,ABIDEII-USM_1
11.000000,1,ABIDEII-OHSU_1
20.166667,1,ABIDEII-ETH_1
27.833333,1,ABIDEII-ETH_1
17.750000,1,ABIDEII-TCD_1
6.981520,1,ABIDEII-EMC_1
22.000000,1,ABIDEII-ONRC_2
10.660274,1,ABIDEII-KKI_1
12.970000,2,ABIDEII-UCLA_1
18.750000,1,ABIDEII-TCD_1
12.512329,1,ABIDEII-GU_1
19.500000,1,ABIDEII-TCD_1
8.821918,1,ABIDEII-KKI_1
9.216438,2,ABIDEII-KKI_1
9.000000,2,ABIDEII-OHSU_1
10.870000,1,ABIDEII-IP_1
22.083333,1,ABIDEII-ETH_1
11.000000,1,ABIDEII-OHSU_1
11.340000,1,ABIDEII-NYU_1
13.882192,1,ABIDEII-GU_1
8.000000,1,ABIDEII-OHSU_1
12.304110,2,ABIDEII-KKI_1
46.600000,2,ABIDEII-IP_1
27.750000,1,ABIDEII-ETH_1
57.000000,1,ABIDEII-BNI_1
8.997260,2,ABIDEII-GU_1
9.000000,1,ABIDEII-OHSU_1
11.147945,2,ABIDEII-KKI_1
8.170000,2,ABIDEII-IP_1
9.231000,1,ABIDEII-NYU_1
22.250000,1,ABIDEII-ETH_1
26.000000,1,ABIDEII-ONRC_2
17.900000,1,ABIDEII-IP_1
15.500000,1,ABIDEII-TCD_1
13.000000,1,ABIDEII-OHSU_1
7.236140,1,ABIDEII-EMC_1
8.983562,2,ABIDEII-KKI_1
62.000000,1,ABIDEII-BNI_1
13.833333,2,ABIDEII-UCD_1
29.000000,1,ABIDEII-ONRC_2
9.637000,1,ABIDEII-IP_1
42.000000,1,ABIDEII-IP_1
10.372603,2,ABIDEII-KKI_1
10.953425,1,ABIDEII-GU_1
10.400000,1,ABIDEII-SDSU_1
18.581800,1,ABIDEII-USM_1
24.000000,1,ABIDEII-IU_1
23.000000,1,ABIDEII-ONRC_2
5.220000,2,ABIDEII-NYU_1
8.906849,2,ABIDEII-KKI_1
8.057534,2,ABIDEII-KKI_1
9.183562,1,ABIDEII-GU_1
13.160000,1,ABIDEII-NYU_1
21.790000,2,ABIDEII-IP_1
8.594521,1,ABIDEII-KKI_1
9.529000,1,ABIDEII-NYU_1
9.000000,1,ABIDEII-OHSU_1
10.890000,1,ABIDEII-NYU_1
33.000000,1,ABIDEII-KUL_3
19.330000,2,ABIDEII-IP_1
59.000000,1,ABIDEII-BNI_1
12.000000,1,ABIDEII-OHSU_1
23.000000,1,ABIDEII-IU_1
12.750000,1,ABIDEII-TCD_1
6.830938,2,ABIDEII-EMC_1
20.000000,1,ABIDEII-KUL_3
11.123288,1,ABIDEII-GU_1
11.016438,2,ABIDEII-KKI_1
10.000000,2,ABIDEII-NYU_1
26.000000,1,ABIDEII-ONRC_2
17.200000,1,ABIDEII-SDSU_1
13.166667,2,ABIDEII-UCD_1
11.000000,2,ABIDEII-OHSU_1
62.000000,1,ABIDEII-BNI_1
17.800000,1,ABIDEII-SDSU_1
10.000000,2,ABIDEII-OHSU_1
13.500000,1,ABIDEII-TCD_1
8.396988,1,ABIDEII-EMC_1
54.000000,1,ABIDEII-BNI_1
25.000000,1,ABIDEII-KUL_3
9.120548,2,ABIDEII-KKI_1
25.000000,2,ABIDEII-IU_1
10.054795,2,ABIDEII-KKI_1
9.900000,1,ABIDEII-SDSU_1
9.575342,2,ABIDEII-KKI_1
13.306849,2,ABIDEII-GU_1
12.500000,1,ABIDEII-TCD_1
8.989041,2,ABIDEII-KKI_1
15.200000,1,ABIDEII-SDSU_1
8.476712,1,ABIDEII-KKI_1
47.000000,1,ABIDEII-BNI_1
22.000000,1,ABIDEII-IU_1
6.167000,1,ABIDEII-NYU_2
11.660274,1,ABIDEII-KKI_1
7.109000,1,ABIDEII-NYU_1
11.000000,2,ABIDEII-OHSU_1
10.443836,1,ABIDEII-KKI_1
9.936986,2,ABIDEII-KKI_1
14.250000,1,ABIDEII-TCD_1
8.740000,2,ABIDEII-GU_1
23.000000,1,ABIDEII-IU_1
16.500000,2,ABIDEII-UCD_1
14.000000,2,ABIDEII-SDSU_1
9.610000,1,ABIDEII-NYU_1
9.117808,1,ABIDEII-KKI_1
11.638356,1,ABIDEII-KKI_1
10.372603,1,ABIDEII-KKI_1
24.000000,2,ABIDEII-ONRC_2
11.652055,1,ABIDEII-GU_1
17.000000,1,ABIDEII-IU_1
8.736986,1,ABIDEII-KKI_1
10.000000,2,ABIDEII-OHSU_1
24.000000,1,ABIDEII-ONRC_2
40.000000,1,ABIDEII-BNI_1
10.870000,2,ABIDEII-IP_1
11.336986,2,ABIDEII-KKI_1
10.542466,2,ABIDEII-KKI_1
10.680000,1,ABIDEII-NYU_1
24.000000,1,ABIDEII-KUL_3
6.410000,1,ABIDEII-NYU_1
10.542466,1,ABIDEII-KKI_1
8.312115,1,ABIDEII-UCLA_1
20.000000,2,ABIDEII-IU_1
9.480000,1,ABIDEII-NYU_1
26.000000,1,ABIDEII-ONRC_2
8.160000,1,ABIDEII-NYU_1
8.014000,1,ABIDEII-NYU_2
12.000000,1,ABIDEII-OHSU_1
9.000000,1,ABIDEII-OHSU_1
22.000000,2,ABIDEII-IU_1
10.871233,1,ABIDEII-GU_1
15.583333,1,ABIDEII-UCD_1
21.000000,1,ABIDEII-ONRC_2
11.200000,1,ABIDEII-NYU_1
11.000000,1,ABIDEII-OHSU_1
11.000000,2,ABIDEII-OHSU_1
25.000000,1,ABIDEII-IU_1
34.822700,1,ABIDEII-USM_1
8.583333,2,ABIDEII-UCLA_1
22.000000,1,ABIDEII-BNI_1
43.000000,1,ABIDEII-BNI_1
13.000000,1,ABIDEII-TCD_1
11.032877,2,ABIDEII-KKI_1
7.169000,1,ABIDEII-NYU_2
18.060000,2,ABIDEII-IP_1
31.000000,1,ABIDEII-ONRC_2
10.797260,1,ABIDEII-KKI_1
7.240000,1,ABIDEII-NYU_1
8.062971,1,ABIDEII-EMC_1
8.191650,1,ABIDEII-EMC_1
24.000000,1,ABIDEII-BNI_1
27.381200,1,ABIDEII-USM_1
10.443836,2,ABIDEII-KKI_1
9.298630,1,ABIDEII-GU_1
8.024658,1,ABIDEII-KKI_1
26.000000,2,ABIDEII-ONRC_2
12.290212,1,ABIDEII-UCLA_1
9.600000,1,ABIDEII-SDSU_1
11.200000,1,ABIDEII-SDSU_1
17.100000,1,ABIDEII-SDSU_1
9.750685,1,ABIDEII-KKI_1
10.600000,2,ABIDEII-IP_1
8.095890,2,ABIDEII-KKI_1
11.758904,1,ABIDEII-KKI_1
8.859685,1,ABIDEII-EMC_1
9.734247,2,ABIDEII-KKI_1
8.851472,2,ABIDEII-EMC_1
8.000000,1,ABIDEII-OHSU_1
64.000000,1,ABIDEII-BNI_1
9.189041,2,ABIDEII-GU_1
22.000000,1,ABIDEII-IU_1
14.000000,1,ABIDEII-TCD_1
13.013699,2,ABIDEII-GU_1
18.000000,1,ABIDEII-IU_1
22.000000,1,ABIDEII-KUL_3
10.676712,1,ABIDEII-KKI_1
12.986301,1,ABIDEII-KKI_1
8.100000,1,ABIDEII-SDSU_1
9.000000,1,ABIDEII-NYU_1
11.860000,1,ABIDEII-UCLA_1
27.411400,1,ABIDEII-USM_1
16.200000,1,ABIDEII-SDSU_1
10.786301,1,ABIDEII-KKI_1
26.060000,1,ABIDEII-NYU_1
9.057534,2,ABIDEII-KKI_1
14.705000,1,ABIDEII-USM_1
9.145205,1,ABIDEII-KKI_1
9.229295,1,ABIDEII-EMC_1
9.000000,1,ABIDEII-OHSU_1
10.687671,1,ABIDEII-KKI_1
17.833333,1,ABIDEII-UCD_1
21.000000,2,ABIDEII-IU_1
11.843836,1,ABIDEII-KKI_1
8.063014,1,ABIDEII-GU_1
14.980000,1,ABIDEII-NYU_1
48.000000,1,ABIDEII-BNI_1
14.000000,1,ABIDEII-TCD_1
15.416667,1,ABIDEII-ETH_1
9.213699,1,ABIDEII-GU_1
57.000000,1,ABIDEII-BNI_1
9.250000,1,ABIDEII-UCLA_1
8.997260,1,ABIDEII-GU_1
33.530000,2,ABIDEII-IP_1
8.793977,1,ABIDEII-EMC_1
19.000000,1,ABIDEII-KUL_3
7.764545,2,ABIDEII-UCLA_1
9.093151,1,ABIDEII-KKI_1
13.864476,1,ABIDEII-UCLA_1
37.000000,1,ABIDEII-IU_1
12.849315,1,ABIDEII-KKI_1
9.331507,1,ABIDEII-KKI_1
19.000000,1,ABIDEII-ONRC_2
12.000000,1,ABIDEII-OHSU_1
8.300000,1,ABIDEII-NYU_1
12.000000,2,ABIDEII-OHSU_1
21.000000,1,ABIDEII-ETH_1
12.100000,1,ABIDEII-SDSU_1
17.333333,1,ABIDEII-UCD_1
10.000000,2,ABIDEII-OHSU_1
18.000000,1,ABIDEII-BNI_1
11.358904,1,ABIDEII-GU_1
19.500000,1,ABIDEII-TCD_1
12.624658,1,ABIDEII-GU_1
11.443836,2,ABIDEII-KKI_1
8.457534,1,ABIDEII-KKI_1
21.000000,1,ABIDEII-ONRC_2
9.156164,1,ABIDEII-KKI_1
8.230000,1,ABIDEII-NYU_1
9.652055,1,ABIDEII-KKI_1
9.621918,2,ABIDEII-KKI_1
9.897000,1,ABIDEII-IP_1
28.824100,2,ABIDEII-USM_1
11.000000,2,ABIDEII-OHSU_1
12.353425,1,ABIDEII-KKI_1
9.032877,2,ABIDEII-GU_1
10.013699,2,ABIDEII-KKI_1
11.789200,1,ABIDEII-USM_1
5.951000,1,ABIDEII-NYU_2
9.136986,1,ABIDEII-KKI_1
7.129363,1,ABIDEII-EMC_1
25.000000,1,ABIDEII-ONRC_2
15.093800,1,ABIDEII-USM_1
28.000000,2,ABIDEII-ONRC_2
9.994521,2,ABIDEII-KKI_1
11.507187,1,ABIDEII-UCLA_1
9.268493,1,ABIDEII-KKI_1
11.990000,1,ABIDEII-NYU_1
10.290411,1,ABIDEII-KKI_1
11.810959,2,ABIDEII-KKI_1
11.024658,1,ABIDEII-KKI_1
8.178082,1,ABIDEII-KKI_1
9.034908,1,ABIDEII-EMC_1
60.000000,1,ABIDEII-BNI_1
13.000000,1,ABIDEII-OHSU_1
14.100000,1,ABIDEII-SDSU_1
10.250000,1,ABIDEII-TCD_1
11.284932,1,ABIDEII-KKI_1
11.000000,2,ABIDEII-OHSU_1
8.375342,2,ABIDEII-GU_1
12.000000,1,ABIDEII-OHSU_1
8.942466,1,ABIDEII-KKI_1
14.554400,1,ABIDEII-USM_1
12.600000,1,ABIDEII-GU_1
25.000000,1,ABIDEII-KUL_3
11.605479,1,ABIDEII-GU_1
9.405479,1,ABIDEII-KKI_1
5.430000,1,ABIDEII-NYU_1
9.887671,1,ABIDEII-GU_1
11.701574,1,ABIDEII-UCLA_1
19.250000,1,ABIDEII-TCD_1
10.112329,2,ABIDEII-GU_1
16.600000,1,ABIDEII-SDSU_1
11.090000,1,ABIDEII-NYU_1
10.304110,1,ABIDEII-KKI_1
21.120000,1,ABIDEII-IP_1
9.700000,1,ABIDEII-SDSU_1
13.000000,1,ABIDEII-UCD_1
10.800000,1,ABIDEII-SDSU_1
26.000000,1,ABIDEII-IU_1
13.000000,1,ABIDEII-OHSU_1
12.990000,1,ABIDEII-IP_1
12.000000,1,ABIDEII-OHSU_1
6.960000,1,ABIDEII-NYU_2
10.972603,2,ABIDEII-KKI_1
13.833333,1,ABIDEII-UCD_1
13.797260,1,ABIDEII-GU_1
10.750000,1,ABIDEII-TCD_1
8.846575,2,ABIDEII-KKI_1
12.500000,1,ABIDEII-TCD_1
20.510000,1,ABIDEII-IP_1
26.000000,2,ABIDEII-ONRC_2
10.000000,2,ABIDEII-OHSU_1
10.608219,1,ABIDEII-KKI_1
5.819000,2,ABIDEII-NYU_2
11.027397,2,ABIDEII-KKI_1
7.983573,1,ABIDEII-EMC_1
12.470000,1,ABIDEII-NYU_1
14.700000,2,ABIDEII-IP_1
10.119097,1,ABIDEII-EMC_1
22.000000,2,ABIDEII-ONRC_2
18.500000,1,ABIDEII-ETH_1
12.000000,2,ABIDEII-OHSU_1
24.000000,1,ABIDEII-KUL_3
10.586301,1,ABIDEII-KKI_1
8.331507,1,ABIDEII-KKI_1
8.013699,1,ABIDEII-KKI_1
16.263900,1,ABIDEII-USM_1
19.000000,1,ABIDEII-IU_1
19.250000,1,ABIDEII-TCD_1
11.728767,1,ABIDEII-KKI_1
9.561644,2,ABIDEII-KKI_1
15.583333,1,ABIDEII-UCD_1
27.770000,2,ABIDEII-USM_1
9.619178,1,ABIDEII-KKI_1
9.734247,2,ABIDEII-KKI_1
22.165600,1,ABIDEII-USM_1
14.000000,1,ABIDEII-TCD_1
7.190000,1,ABIDEII-NYU_1
40.000000,1,ABIDEII-BNI_1
19.000000,1,ABIDEII-IU_1
9.564384,1,ABIDEII-KKI_1
53.000000,1,ABIDEII-BNI_1
12.701370,1,ABIDEII-GU_1
9.819178,2,ABIDEII-KKI_1
12.005479,1,ABIDEII-GU_1
13.906849,1,ABIDEII-GU_1
11.767123,1,ABIDEII-KKI_1
9.246575,1,ABIDEII-KKI_1
10.000000,2,ABIDEII-OHSU_1
23.916667,1,ABIDEII-ETH_1
12.083333,1,ABIDEII-UCD_1
27.000000,2,ABIDEII-ONRC_2
8.330000,1,ABIDEII-NYU_1
9.613699,1,ABIDEII-KKI_1
13.128767,1,ABIDEII-GU_1
13.916667,2,ABIDEII-UCD_1
14.000000,1,ABIDEII-SDSU_1
13.500000,1,ABIDEII-TCD_1
26.000000,1,ABIDEII-KUL_3
9.147159,1,ABIDEII-EMC_1
8.252055,1,ABIDEII-GU_1
11.690411,2,ABIDEII-KKI_1
8.068493,1,ABIDEII-KKI_1
23.000000,2,ABIDEII-IU_1
13.000000,2,ABIDEII-OHSU_1
45.000000,1,ABIDEII-BNI_1
14.750000,1,ABIDEII-ETH_1
8.641096,1,ABIDEII-KKI_1
10.750000,1,ABIDEII-TCD_1
17.700000,1,ABIDEII-SDSU_1
6.917000,1,ABIDEII-NYU_2
9.908282,1,ABIDEII-EMC_1
9.000000,2,ABIDEII-OHSU_1
8.624658,1,ABIDEII-KKI_1
22.500000,1,ABIDEII-ETH_1
41.000000,1,ABIDEII-BNI_1
10.240000,1,ABIDEII-NYU_1
16.333333,1,ABIDEII-UCD_1
55.000000,1,ABIDEII-BNI_1
11.550000,1,ABIDEII-UCLA_1
14.090000,1,ABIDEII-UCLA_1
15.810000,1,ABIDEII-IP_1
9.700000,1,ABIDEII-SDSU_1
10.268493,1,ABIDEII-KKI_1
6.822724,1,ABIDEII-EMC_1
27.000000,1,ABIDEII-KUL_3
9.933000,2,ABIDEII-IP_1
13.652055,1,ABIDEII-GU_1
13.750000,1,ABIDEII-TCD_1
34.760000,2,ABIDEII-NYU_1
8.060274,1,ABIDEII-KKI_1
9.301370,2,ABIDEII-KKI_1
14.666667,1,ABIDEII-UCD_1
34.430000,1,ABIDEII-IP_1
8.396988,2,ABIDEII-EMC_1
20.000000,2,ABIDEII-ONRC_2
7.600000,1,ABIDEII-SDSU_1
13.000000,1,ABIDEII-OHSU_1
14.400000,1,ABIDEII-SDSU_1
9.471233,1,ABIDEII-KKI_1
10.780822,2,ABIDEII-KKI_1
14.400000,1,ABIDEII-SDSU_1
13.000000,2,ABIDEII-OHSU_1
9.000000,1,ABIDEII-OHSU_1
8.736986,1,ABIDEII-KKI_1
31.000000,1,ABIDEII-IU_1
10.000000,1,ABIDEII-TCD_1
11.484932,1,ABIDEII-GU_1
10.980822,1,ABIDEII-KKI_1
10.550685,2,ABIDEII-KKI_1
29.880000,2,ABIDEII-IP_1
11.300000,1,ABIDEII-SDSU_1
10.630137,1,ABIDEII-KKI_1
22.333333,1,ABIDEII-ETH_1
11.668493,2,ABIDEII-KKI_1
45.000000,1,ABIDEII-BNI_1
28.000000,1,ABIDEII-IU_1
8.618754,1,ABIDEII-EMC_1
8.570000,1,ABIDEII-NYU_1
10.923288,1,ABIDEII-KKI_1
12.873973,1,ABIDEII-KKI_1
25.000000,1,ABIDEII-BNI_1
22.000000,1,ABIDEII-BNI_1
11.000000,1,ABIDEII-OHSU_1
10.630137,1,ABIDEII-KKI_1
25.666667,1,ABIDEII-ETH_1
37.000000,1,ABIDEII-IU_1
15.000000,1,ABIDEII-SDSU_1
12.136986,1,ABIDEII-GU_1
42.000000,2,ABIDEII-IU_1
10.000000,1,ABIDEII-OHSU_1
19.250000,1,ABIDEII-TCD_1
9.540000,1,ABIDEII-NYU_1
14.750000,1,ABIDEII-TCD_1
14.000000,1,ABIDEII-OHSU_1
24.000000,2,ABIDEII-ONRC_2
6.776181,1,ABIDEII-EMC_1
11.443836,1,ABIDEII-KKI_1
8.844000,2,ABIDEII-NYU_2
10.410000,1,ABIDEII-NYU_1
8.583333,1,ABIDEII-UCLA_1
9.684932,2,ABIDEII-KKI_1
8.887000,1,ABIDEII-NYU_1
41.000000,1,ABIDEII-BNI_1
10.156164,2,ABIDEII-KKI_1
11.000000,1,ABIDEII-TCD_1
30.705000,1,ABIDEII-USM_1
17.600000,1,ABIDEII-SDSU_1
20.000000,1,ABIDEII-IU_1
9.961644,1,ABIDEII-KKI_1
9.435616,1,ABIDEII-KKI_1
22.666667,1,ABIDEII-ETH_1
12.250000,1,ABIDEII-UCD_1
29.000000,1,ABIDEII-ONRC_2
7.126626,1,ABIDEII-EMC_1
15.000000,2,ABIDEII-OHSU_1
19.723500,1,ABIDEII-USM_1
24.000000,1,ABIDEII-IU_1
9.632877,2,ABIDEII-KKI_1
10.900000,1,ABIDEII-SDSU_1
11.320000,1,ABIDEII-NYU_1
5.907000,2,ABIDEII-NYU_1
24.000000,1,ABIDEII-ONRC_2
5.900000,1,ABIDEII-NYU_1
7.604000,1,ABIDEII-NYU_1
13.000000,1,ABIDEII-OHSU_1
25.000000,1,ABIDEII-BNI_1
18.750000,1,ABIDEII-TCD_1
30.000000,2,ABIDEII-ONRC_2
20.000000,1,ABIDEII-BNI_1
9.545205,1,ABIDEII-GU_1
16.800000,2,ABIDEII-SDSU_1
13.080000,1,ABIDEII-UCLA_1
8.783562,2,ABIDEII-KKI_1
10.000000,1,ABIDEII-OHSU_1
12.361644,2,ABIDEII-KKI_1
9.383562,2,ABIDEII-GU_1
12.660274,1,ABIDEII-KKI_1
8.320548,2,ABIDEII-GU_1
11.019178,1,ABIDEII-GU_1
14.333333,2,ABIDEII-UCD_1
8.156000,1,ABIDEII-NYU_2
12.504110,1,ABIDEII-KKI_1
16.833333,2,ABIDEII-UCD_1
8.873973,2,ABIDEII-GU_1
19.000000,1,ABIDEII-ONRC_2
10.000000,1,ABIDEII-OHSU_1
11.280000,1,ABIDEII-NYU_1
7.570000,1,ABIDEII-NYU_1
17.600000,1,ABIDEII-SDSU_1
17.416667,1,ABIDEII-UCD_1
10.500000,1,ABIDEII-SDSU_1
10.000000,1,ABIDEII-OHSU_1
19.000000,1,ABIDEII-BNI_1
10.479452,1,ABIDEII-GU_1
9.641096,1,ABIDEII-KKI_1
30.000000,1,ABIDEII-KUL_3
8.898630,1,ABIDEII-KKI_1
41.620000,2,ABIDEII-IP_1
10.887671,2,ABIDEII-GU_1
10.250000,1,ABIDEII-TCD_1
13.000000,1,ABIDEII-OHSU_1
13.552400,1,ABIDEII-USM_1
11.528767,1,ABIDEII-KKI_1
7.326489,1,ABIDEII-EMC_1
7.186858,1,ABIDEII-EMC_1
19.080000,2,ABIDEII-IP_1
9.073973,1,ABIDEII-KKI_1
6.685832,1,ABIDEII-EMC_1
9.494867,1,ABIDEII-UCLA_1
55.000000,1,ABIDEII-BNI_1
10.087671,1,ABIDEII-KKI_1
24.083333,1,ABIDEII-ETH_1
18.000000,1,ABIDEII-BNI_1
10.000000,2,ABIDEII-OHSU_1
11.670000,2,ABIDEII-IP_1
14.180000,1,ABIDEII-IP_1
10.090411,1,ABIDEII-KKI_1
10.695890,1,ABIDEII-KKI_1
20.166667,1,ABIDEII-ETH_1
9.000000,1,ABIDEII-OHSU_1
14.083333,1,ABIDEII-UCD_1
20.166667,1,ABIDEII-ETH_1
7.300000,1,ABIDEII-NYU_1
19.000000,1,ABIDEII-IU_1
11.090411,1,ABIDEII-KKI_1
18.750000,1,ABIDEII-TCD_1
8.931507,1,ABIDEII-GU_1
11.821918,1,ABIDEII-KKI_1
19.000000,1,ABIDEII-TCD_1
9.578082,1,ABIDEII-KKI_1
12.764384,1,ABIDEII-KKI_1
11.353425,2,ABIDEII-GU_1
10.427397,2,ABIDEII-GU_1
8.723288,2,ABIDEII-GU_1
18.750000,2,ABIDEII-IP_1
20.607800,2,ABIDEII-USM_1
12.000000,2,ABIDEII-OHSU_1
19.583333,1,ABIDEII-ETH_1
14.000000,1,ABIDEII-OHSU_1
18.000000,1,ABIDEII-BNI_1
32.624200,1,ABIDEII-USM_1
15.290000,1,ABIDEII-IP_1
26.000000,2,ABIDEII-ONRC_2
17.560000,2,ABIDEII-IP_1
12.200000,1,ABIDEII-KKI_1
5.603000,1,ABIDEII-NYU_2
8.745205,2,ABIDEII-GU_1
15.000000,1,ABIDEII-OHSU_1
20.000000,1,ABIDEII-IU_1
10.862000,1,ABIDEII-NYU_1
11.200000,1,ABIDEII-SDSU_1
9.789041,2,ABIDEII-KKI_1
6.194000,1,ABIDEII-NYU_2
